obs,time,elapsed,date,hhmmss,averaging,TIME,E,Emm,A,Ca,Ci,Pci,Pca,gsw,gbw,gtw,gtc,Rabs,TleafEB,TleafCnd,SVPleaf,RHcham,VPcham,SVPcham,VPDleaf,LatHFlux,SenHFlux,NetTherm,EBSum,Asty,Esty,Adyn,Crd,Csd,dCsd/dt,αVc,Edyn,Hr,Hs,dHs/dt,αVh,Leak,LeakPct,CorrFact,CorrFactPct,Fan,Qin,Qabs,alpha,convert,S,K,Geometry,Custom,UseDynamic,TIME,CO2_s,CO2_r,H2O_s,H2O_r,CO2_a,H2O_a,Flow,Pa,ΔPcham,Tair,Tleaf,Tleaf2,Offset,Offset2,Fan_speed,Qamb_in,Qamb_out,ΔCO2,CO2_s_d,CO2_r_d,ΔH2O,CO2_b,H2O_b,e_s,e_r,Td_s,Td_r,Q,f_red,f_blue,Tled,Pc,time,hhmmss,co2_t,h2o_t,count,co2_adj,h2o_adj,co2_match,h2o_match,co2_at,h2o_at,co2_cv,h2o_cv,ΔCO2:MN,ΔCO2:SLP,ΔCO2:SD,ΔCO2:OK,ΔH2O:MN,ΔH2O:SLP,ΔH2O:SD,ΔH2O:OK,Stable,Total,State,Vflow,VPchamber,abs_c_a,abs_c_b,abs_h_a,abs_h_b,Wc_s,Wc_r,Wco_s,Wco_r,Ww_s,Ww_r,Wwo_s,Wwo_r,Flow_s_v,Flow_r_v,Tleaf_mv,Tleaf2_mv,Tleaf_j,Tleaf2_j,Console_RH,Console_T,Console_H2O,Fan_%,Flow_%,Pump,Tchp_pwm,Txchg_pwm,diag_20v,diag_5_4v,diag_12v,diag_5va,diag_3_3vf,AccCO2_soda,AccH2O_des,AccH2O_hum,CO2_hrs,ADC_CH1,ADC_CH2,ADC_CH3,ADC_CH4,ADC_CH5,ADC_CH6,ADC_CH7,ADC_CH8,DAC_1,DAC_2,DAC_3,DAC_4,GPIO,GPIO_dir,excit_5v,power_12v,power_5v,ch1_pullup,AuxPower,MatchValveR,MatchValveS,MatchCO2,MatchH2O,cf_co2_a,cf_co2_b,cf_co2_c,cf_co2_d,cf_h2o_a,cf_h2o_b,cf_h2o_c,cf_h2o_d,co2_fit_low,co2_fit_high,h2o_fit_low,h2o_fit_high,co2_elapsed,h2o_elapsed,CO2_f,CO2_f_s,Pump_f,Pump_f_s,Pump_p,Pump_p_s,Tboard,V_system,DIAG,Flow_s,Flow_r,Txchg,Tirga,Tchopper,Ts,Tr,CO2_%,Desiccant_%,Humidifier_%,Txchg_sp,CO2_r_sp,H2O_r_sp,SS_s,SS_r
1,1786208869,0,20260808 13:07:49,13:07:49,15,1786208861,1.45467E-05,0.014546655,0.039212411,436.4506774,333.4213471,34.03348274,44.55004675,0.000695983,3.133809164,0.000695897,0.000434944,261.4499474,26.98254188,26.09079032,3.392428763,39.83875738,1.307866724,3.282900398,2.084562039,-0.641507486,-93.57264051,-6.367810917,160.8679884,-0.776047761,0.01769697,0.039212411,439.8990207,441.0460424,-0.122664811,92.52166098,0.014546655,12.77314377,12.80749161,1.00055E-05,95.09829176,0,0,1,0,54129.99984,1500.000323,1273.86023,0.849239971,0.174299927,9,0.5,0: Broadleaf,2,TRUE,1786208861,436.4506774,434.6073871,12.81299032,12.77107742,439.7036774,12.73699032,375.1397742,101.9734516,0.100045013,25.53694194,26.09079032,999.9,0,0,9989.432258,692.8875161,0.218638,1.71717871,441.9845484,440.2295161,0.034696671,434.6073871,12.77107742,1.305849677,1.302310645,10.86634194,10.82554839,1500.000323,0.692000968,0.307999032,27.45699032,28282.52903,1786208885,13:08:05,1786208885,1786208884,3,0.119,0.007,-3.253,0.076,433,13,0.31,0.09,1.90111375,-3.611833283,0.360122928,0,0.03700733,-0.020827641,0.005764422,1,1,2,1/2,2.63897,2.71235,0.102492,0.10141,0.0762774,0.0765174,25352.1,25116.6,25686.8,25687.6,32796.8,32324.9,39464,38638.1,1.7341,2.21228,0.078734,0,24.8159,999.9,59.7,25.2,18.8384,63.0009,22.6122,1,-0.0940295,0,20.3862,5.22148,11.9755,4.96965,3.29595,9112.5,9999,9999,250.2,4.97008,1.87522,1.87129,1.87438,1.87439,1.87241,1.8737,1.875,0,0,0,0,11111111,oooooooo,on,on,on,on,0,100,100,-3.253,0.076,-2.281412001,-0.002774575,7.27494E-07,-2.16226E-10,-0.052411253,-0.001584374,0.000939206,-5.31953E-06,23,2146,2,22,2.2,2.4,0.157471,4.99756,1.49902,2.28882,1.49902,2.34375,29.9433,24.2101,3,351.791,694.164,25.4102,26.0713,30.0003,25.9489,25.9788,-1,40,10,-999.9,400,20,101.434,107.998
2,1786208989,120,20260808 13:09:49,13:09:49,15,1786208981,1.38684E-05,0.013868381,-0.124821556,430.5496774,714.8053639,72.96136565,43.94691763,0.000657949,3.135399684,0.000657872,0.000411177,261.449436,27.07605376,26.18254516,3.410878885,39.64778262,1.308889512,3.3012931,2.101989374,-0.611595622,-93.21989912,-6.346506107,161.2714352,-0.205364105,0.012876062,-0.124821556,435.4657691,435.9915576,-0.021947725,92.60886816,0.013868381,12.79233164,12.82519371,-1.43111E-06,96.18129079,0,0,1,0,54150.59804,1499.997097,1273.857587,0.849240035,0.174299961,9,0.5,0: Broadleaf,2,TRUE,1786208981,430.5496774,430.0702581,12.82324194,12.79274516,433.7916774,12.74724194,375.116871,101.9716774,0.0999764,25.63106452,26.18254516,999.9,0,0,9996.860645,693.1766452,0.218638,0.475020839,436.1382258,435.6434194,0.030831887,430.0702581,12.79274516,1.307642581,1.304499355,10.8869871,10.85079032,1499.997097,0.69200071,0.307999355,28,28282.49355,1786209006,13:10:06,1786209006,1786209005,4,0.002,0.001,-3.242,0.076,430,13,0.4,0.19,0.449057951,0.755266056,0.095816446,0,0.02847369,0.053695332,0.006122985,1,1,2,1/2,2.639,2.71272,0.101582,0.100644,0.0763082,0.0765993,25377.6,25137.1,25686.8,25686.8,32794.9,32321.5,39463.1,38637.7,1.73358,2.21073,0.0806488,0,24.8698,999.9,59.2,25.4,18.904,62.8509,22.9928,1,-0.0913389,0,20.3858,5.22178,11.9757,4.9698,3.296,9112.5,9999,9999,250.2,4.97008,1.87521,1.87134,1.87437,1.87439,1.87246,1.87372,1.875,0,0,0,0,11111111,oooooooo,on,on,on,on,0,100,100,-3.242,0.076,-2.161890242,-0.002774575,7.27494E-07,-2.16226E-10,-0.045060675,-0.001584374,0.000939206,-5.31953E-06,23,2146,2,22,1.7,1.8,0.157471,4.99756,1.49902,2.28882,1.49902,2.30713,30.0504,24.2101,3,351.867,693.551,25.5019,26.1184,30.0001,26.0051,26.0381,-1,40,10,-999.9,400,20,101.433,107.996
3,1786209109,240,20260808 13:11:49,13:11:49,15,1786209101,2.2718E-05,0.022717988,-0.049658588,428.6681613,487.4743135,49.75691935,43.75452519,0.001068146,3.136093267,0.001067944,0.000667483,261.4498784,27.15364093,26.26349677,3.427229388,39.38054452,1.306260641,3.317020262,2.120968747,-1.001863258,-93.38123274,-6.361222856,160.7055595,-0.075718158,0.02250644,-0.049658588,434.097816,434.2140667,0.000437074,92.60933442,0.022717988,12.7335446,12.7877,-3.30091E-05,96.18998267,0,0,1,0,54152.49179,1499.999677,1273.859662,0.849239957,0.174299956,9,0.5,0: Broadleaf,2,TRUE,1786209101,428.6681613,428.5096452,12.7975871,12.74428065,431.9061613,12.7215871,375.1247742,101.9709032,0.09995051,25.71118387,26.26349677,999.9,0,0,10000.10065,693.4284839,0.218638,0.156567023,434.2234839,434.0412903,0.053867129,428.5096452,12.74428065,1.30504,1.299547097,10.85702258,10.79361935,1499.999677,0.692000484,0.307999484,28,28282.51613,1786209132,13:12:11,1786209132,1786209125,5,0.001,0,-3.238,0.076,428,13,0.33,0.08,0.201791944,-0.942843828,0.101045744,0,0.050131754,0.047174446,0.010498176,1,1,2,1/2,2.63879,2.71276,0.101268,0.100407,0.0761378,0.0764412,25386.3,25142.4,25686.7,25685.6,32800.9,32325.2,39463,38635.5,1.73285,2.2095,0.0819564,0,24.9138,999.9,58.6,25.6,18.937,63.4808,22.484,1,-0.0898476,0,20.3863,5.22193,11.9781,4.96965,3.29598,9112.5,9999,9999,250.2,4.97007,1.87521,1.87134,1.87438,1.87439,1.87241,1.87372,1.87498,0,0,0,0,11111111,oooooooo,on,on,on,on,0,100,100,-3.238,0.076,-2.159931424,-0.002774575,7.27494E-07,-2.16226E-10,-0.044322672,-0.001584374,0.000939206,-5.31953E-06,23,2146,2,22,1.7,1.7,0.157471,4.99756,1.49902,2.28882,1.49902,2.27173,30.1147,24.2013,3,351.727,692.967,25.5809,26.1461,30.0003,26.0404,26.0774,-1,40,10,-999.9,400,20,101.432,107.99
4,1786209229,360,20260808 13:13:49,13:13:49,15,1786209221,1.45278E-05,0.014527781,-0.066004876,427.9403333,566.6834723,57.8411004,43.67965716,0.000677927,3.137017452,0.000677846,0.000423661,261.4498501,27.22930043,26.33562,3.441854357,39.17426624,1.305141301,3.331629221,2.136713056,-0.640675133,-93.07001479,-6.342806116,161.396354,-0.093522861,0.012572154,-0.066004876,433.2448269,433.4050364,1.89421E-05,92.52731772,0.014527781,12.75464632,12.78899091,6.13398E-06,95.14509574,0,0,1,0,54160.9209,1499.999333,1273.85942,0.849239991,0.174299978,9,0.5,0: Broadleaf,2,TRUE,1786209221,427.9403333,427.7288667,12.78679,12.75701333,431.1133333,12.71079,375.1345667,101.9695333,0.09996972,25.78531,26.33562,999.9,0,0,10004.45167,693.6489667,0.218638,0.14741621,433.4186333,433.256,0.030419577,427.7288667,12.75701333,1.303927667,1.300826,10.84420667,10.80839667,1499.999333,0.6920003,0.3079997,28,28282.52333,1786209246,13:14:06,1786209246,1786209246,6,0.063,0.001,-3.173,0.076,428,13,0.38,0.17,0.147696176,0.021569624,0.044901743,1,0.031800488,-0.009326128,0.005038528,1,2,2,2/2,2.63881,2.71292,0.101115,0.100242,0.0761326,0.0764266,25390.7,25146,25687,25684.6,32801.1,32324.9,39463,38634.5,1.73275,2.20837,0.0832789,0,24.9735,999.9,58.1,25.7,18.8869,63.0008,22.476,1,-0.0878887,0,20.3885,5.22193,11.9787,4.9696,3.296,9112.5,9999,9999,250.3,4.97009,1.87524,1.87134,1.87439,1.87439,1.87247,1.87376,1.875,0,0,0,0,11111111,oooooooo,on,on,on,on,0,100,100,-3.173,0.076,-2.158823251,-0.002774575,7.27494E-07,-2.16226E-10,-0.044039146,-0.001584374,0.000939206,-5.31953E-06,23,2146,2,22,1.6,1.7,0.15625,4.99756,1.49902,2.2876,1.49902,2.33765,30.2005,24.2101,3,351.868,692.402,25.6534,26.1737,30.0002,26.0732,26.1113,-1,40,10,-999.9,400,20,101.433,107.987
5,1786209349,480,20260808 13:15:49,13:15:49,15,1786209341,1.29822E-05,0.012982156,-0.096674908,427.1553871,665.1804495,67.89167313,43.59763421,0.00060224,3.137907744,0.000602176,0.000376366,261.4497497,27.29444595,26.39889677,3.454730316,39.03839384,1.30564998,3.344527915,2.149080337,-0.572513095,-92.76894615,-6.324568419,161.783722,-0.10088107,0.012932142,-0.096674908,432.3968404,432.6451758,-0.001324643,92.52619562,0.012982156,12.76429256,12.79487692,1.56737E-05,95.13667888,0,0,1,0,54170.09128,1499.99871,1273.858894,0.849239993,0.174299983,9,0.5,0: Broadleaf,2,TRUE,1786209341,427.1553871,426.9266129,12.79233226,12.76170323,430.3403871,12.71533226,375.1355484,101.9650645,0.099981419,25.85052258,26.39889677,999.9,0,0,10008.9529,693.854,0.218638,0.241352677,432.7035806,432.4454194,0.031141468,426.9266129,12.76170323,1.304423871,1.301249355,10.84992903,10.8133,1499.99871,0.692000226,0.307999774,28,28282.50645,1786209368,13:16:08,1786209368,1786209365,7,-0.013,0,-3.185,0.077,427,13,0.38,0.09,0.25446,0.017797108,0.063975442,1,0.03000548,0.019085015,0.002869504,1,2,2,2/2,2.63854,2.71238,0.100961,0.100083,0.0761463,0.0764376,25394.6,25148.9,25686.6,25683.1,32799.7,32322.6,39462,38632.3,1.7326,2.20718,0.0848211,0,25.0162,999.9,57.8,25.8,18.9029,62.5808,22.9968,1,-0.0864202,0,20.3882,5.22118,11.9779,4.96975,3.296,9112.5,9999,9999,250.3,4.97008,1.87529,1.87133,1.87439,1.87437,1.87245,1.87377,1.875,0,0,0,0,11111111,oooooooo,on,on,on,on,0,100,100,-3.185,0.077,-2.095870681,-0.002774575,7.27494E-07,-2.16226E-10,-0.043256135,-0.001584374,0.000939206,-5.31953E-06,23,2146,2,22,1.7,1.7,0.15625,4.99756,1.4978,2.2876,1.49902,2.38647,30.2649,24.2101,3,351.936,691.659,25.7171,26.1975,30.0001,26.0974,26.1364,-1,40,10,-999.9,400,20,101.43,107.981
6,1786209469,600,20260808 13:17:49,13:17:49,15,1786209461,1.56048E-05,0.015604789,-0.102547344,426.6047419,636.3581503,64.94872689,43.54063017,0.000719046,3.134337662,0.000718954,0.000449355,261.4500055,27.35869744,26.46310645,3.467839085,38.85377337,1.304364615,3.357111811,2.16347447,-0.688171186,-92.79858315,-6.337849344,161.6254018,-0.107575037,0.01553051,-0.102547344,431.7978481,432.0658667,-0.001860294,92.52694434,0.015604789,12.74311134,12.78008881,-1.69951E-06,95.14116918,0,0,1,0,54074.02311,1499.999677,1273.859751,0.849240016,0.174300041,9,0.5,0: Broadleaf,2,TRUE,1786209461,426.6047419,426.3625484,12.77997419,12.74319032,429.7937419,12.70397419,375.1325484,101.9631613,0.10000371,25.91393226,26.46310645,999.9,0,0,9992.850968,694.0144516,0.218638,0.246396935,432.1322581,431.8660968,0.038102552,426.3625484,12.74319032,1.30322,1.299335161,10.83604194,10.79117097,1499.999677,0.691999452,0.308000548,28,28282.5129,1786209484,13:18:04,1786209483,1786209484,8,-0.005,-0.001,-3.189,0.076,426,13,0.3,0.14,0.263035525,-0.25181848,0.062731616,0,0.037618403,0.008756165,0.002900648,1,1,2,1/2,2.63884,2.71247,0.100858,0.0999872,0.076081,0.0763503,25398.3,25152.2,25687.5,25683.7,32803,32326.5,39463.1,38633.3,1.733,2.20643,0.0849254,0,25.0768,999.9,57.4,25.9,18.8833,63.0009,22.6002,1,-0.0863821,0,20.3887,5.22313,11.979,4.9697,3.29598,9112.5,9999,9999,250.3,4.97006,1.87527,1.87134,1.87439,1.87439,1.87242,1.87375,1.875,0,0,0,0,11111111,oooooooo,on,on,on,on,0,100,100,-3.189,0.076,-2.10932712,-0.002774575,7.27494E-07,-2.16226E-10,-0.043225176,-0.001584374,0.000939206,-5.31953E-06,23,2146,2,22,1.7,1.7,0.15625,4.99756,1.49902,2.2876,1.49902,2.25952,30.3294,24.2013,3,352.199,691.19,25.7746,26.2067,30.0001,26.1105,26.1517,-1,40,10,-999.9,400,20,101.434,107.983
7,1786209590,720.4000001,20260808 13:19:49,13:19:49,15,1786209582,1.13282E-05,0.01132823,-0.027958686,425.8524516,495.8945276,50.61347271,43.46462855,0.00051945,3.132253341,0.000519402,0.000324631,261.4500617,27.41203121,26.51377742,3.47821449,38.73423677,1.304317221,3.36734974,2.173897269,-0.499574951,-92.6077717,-6.332266772,162.0104483,-0.061188641,0.010546549,-0.027958686,431.2384861,431.3048848,0.000153049,92.5513419,0.01132823,12.75493029,12.78172587,3.50032E-06,95.37457298,0,0,1,0,54015.41623,1500,1273.860025,0.849240016,0.174300041,9,0.5,0: Broadleaf,2,TRUE,1786209582,425.8524516,425.7164194,12.77928065,12.7543,428.9864516,12.70228065,375.1141935,101.965,0.099995471,25.96536774,26.51377742,999.9,0,0,9983.165161,694.1569677,0.218638,0.082230139,431.3102903,431.216129,0.024557235,425.7164194,12.7543,1.302996774,1.300491935,10.83345806,10.80454194,1500,0.691999452,0.308000548,28,28282.51613,1786209606,13:20:05,1786209605,1786209606,9,0.054,0.001,-3.134,0.077,426,13,0.17,0.16,0.102441568,-0.474070233,0.061724756,0,0.023563312,0.01570356,0.003466468,1,1,2,1/2,2.63863,2.71255,0.100726,0.0998712,0.0760915,0.0764086,25401.8,25154.3,25687.3,25682.7,32802.1,32323,39462.6,38631.6,1.73293,2.20557,0.0856295,0,25.1146,999.9,57.1,26,18.8955,63.1809,23.3133,1,-0.0857393,0,20.3865,5.22328,11.979,4.96985,3.29593,9112.5,9999,9999,250.4,4.97007,1.87529,1.87134,1.87439,1.87438,1.87242,1.87375,1.875,0,0,0,0,11111111,oooooooo,on,on,on,on,0,100,100,-3.134,0.077,-2.114350092,-0.002774575,7.27494E-07,-2.16226E-10,-0.043938988,-0.001584374,0.000939206,-5.31953E-06,23,2146,2,22,1.8,1.8,0.15625,4.99756,1.4978,2.28638,1.4978,2.39502,30.3939,24.2101,3,352.238,690.603,25.8252,26.2199,30.0001,26.1237,26.1648,-1,40,10,-999.9,400,20,101.432,107.979
8,1786209710,840.4000001,20260808 13:21:49,13:21:49,15,1786209702,1.52285E-05,0.015228493,-0.047819729,425.8366129,519.284152,53.00140173,43.46355903,0.000695623,3.136377884,0.000695537,0.000434718,261.4500362,27.45817492,26.55955806,3.487611847,38.65381553,1.305382946,3.377112784,2.182228901,-0.671576521,-92.1984525,-6.298977341,162.2810299,-0.036708389,0.014088051,-0.047819729,431.2720594,431.3875394,7.23117E-05,92.55350553,0.015228493,12.75337714,12.78946713,-2.02384E-06,95.39801768,0,0,1,0,54104.23536,1499.999355,1273.859436,0.849239989,0.174300099,9,0.5,0: Broadleaf,2,TRUE,1786209702,425.8366129,425.7629355,12.78956129,12.75619355,428.9796129,12.71356129,375.1252903,101.9662903,0.099989832,26.01429032,26.55955806,999.9,0,0,10001.85161,694.2726129,0.218638,0.082836542,431.3633548,431.2642258,0.034832029,425.7629355,12.75619355,1.304254516,1.300702903,10.84798065,10.80697419,1499.999355,0.691998484,0.308001452,28,28282.50323,1786209726,13:22:05,1786209726,1786209725,10,-0.01,-0.001,-3.143,0.076,425,13,0.33,0.13,0.0518883,0.630803334,0.067867099,0,0.034286928,0.007360454,0.004044434,1,1,2,1/2,2.63872,2.71271,0.100725,0.0998853,0.0761175,0.0764442,25401.6,25152.9,25687.1,25681.6,32800.8,32320.4,39462,38630.1,1.73235,2.20482,0.0865161,0,25.1436,999.9,56.9,26.1,18.9396,63.0009,22.7244,1,-0.0846418,0,20.3767,5.22103,11.9775,4.9697,3.29593,9112.5,9999,9999,250.4,4.97005,1.87528,1.87133,1.87439,1.87438,1.87242,1.87377,1.875,0,0,0,0,11111111,oooooooo,on,on,on,on,0,100,100,-3.143,0.076,-2.0605,-0.00277457,7.27494E-07,-2.16226E-10,-0.043253258,-0.001584374,0.000939206,-5.31953E-06,23,2146,2,22,1.8,1.7,0.15625,4.99756,1.4978,2.28638,1.49902,2.2998,30.4369,24.2101,3,352.032,690.103,25.8698,26.2332,30.0001,26.1348,26.1778,-1,40,10,-999.9,400,20,101.431,107.974
9,1786209830,960.4000001,20260808 13:23:49,13:23:49,15,1786209822,1.41942E-05,0.01419422,-0.024854373,425.0728387,471.0084665,48.0719981,43.38372269,0.000644261,3.134508573,0.000644188,0.000402624,261.449931,27.50296683,26.60810968,3.497602213,38.44258147,1.301615586,3.385869357,2.195986626,-0.625965088,-92.95082612,-6.357107279,161.5160325,-0.063529185,0.017493407,-0.024854373,430.4773479,430.5356121,0.000211111,92.55242928,0.01419422,12.71608017,12.74978252,-7.80173E-06,95.38859188,0,0,1,0,54051.97967,1499.99871,1273.858891,0.849239991,0.174300104,9,0.5,0: Broadleaf,2,TRUE,1786209822,425.0728387,424.9382581,12.75320323,12.71176774,428.1788387,12.67820323,375.12,101.9619032,0.09995239,26.05806452,26.60810968,999.9,0,0,9993.753871,694.3765484,0.218638,0.098467467,430.5276129,430.4095161,0.042219968,424.9382581,12.71176774,1.300422258,1.296117742,10.80372581,10.7539,1499.99871,0.691998419,0.308001516,28,28282.46129,1786209846,13:24:05,1786209846,1786209846,11,0.036,0,-3.106,0.075,425,13,0.31,0.22,0.145872541,-0.896433145,0.118776857,0,0.039830466,0.008928259,0.007516459,1,1,2,1/2,2.63835,2.71266,0.100577,0.0997463,0.07594,0.0762443,25405,25155.6,25686.3,25680.6,32805.8,32326.3,39460.4,38628.6,1.7322,2.204,0.0868365,0,25.1863,999.9,56.5,26.2,18.9204,62.8509,23.3694,1,-0.0833206,0,20.3774,5.22208,11.9785,4.9696,3.296,9112.5,9999,9999,250.4,4.97011,1.87529,1.87135,1.87439,1.87439,1.87244,1.87377,1.875,0,0,0,0,11111111,oooooooo,on,on,on,on,0,100,100,-3.106,0.075,-2.070420352,-0.002774575,7.27494E-07,-2.16226E-10,-0.044241607,-0.001584374,0.000939206,-5.31953E-06,23,2146,2,22,1.7,1.8,0.15625,4.99756,1.4978,2.28638,1.49902,2.36084,30.48,24.2101,3,352.049,689.544,25.9119,26.2496,30.0002,26.1502,26.1912,-1,40,10,-999.9,400,20,101.428,107.97
10,1786209950,1080.4,20260808 13:25:49,13:25:49,15,1786209942,9.81657E-06,0.009816567,-0.073822644,424.8810968,671.3852483,68.51883789,43.3616304,0.00044427,3.136897957,0.000444235,0.00027765,261.4498024,27.54285145,26.64417419,3.505039299,38.39166894,1.302961404,3.39386497,2.202077895,-0.43291061,-92.37576528,-6.31536823,162.3257582,-0.09940382,0.011012766,-0.073822644,430.126269,430.3124667,-0.00067282,92.53040713,0.009816567,12.74536962,12.76856993,4.83947E-06,95.17102119,0,0,1,0,54101.18451,1499.999677,1273.859745,0.849240013,0.174299906,9,0.5,0: Broadleaf,2,TRUE,1786209942,424.8810968,424.6538387,12.76713226,12.74104839,427.9930968,12.69113226,375.1340323,101.9559355,0.099982584,26.09794839,26.64417419,999.9,0,0,10005.24065,694.4771935,0.218638,0.233387645,430.3820323,430.1342903,0.026135629,424.6538387,12.74104839,1.301689032,1.299024516,10.81837742,10.78757097,1499.999677,0.692001452,0.307998613,28,28282.53548,1786209969,13:26:08,1786209969,1786209965,12,-0.007,0.001,-3.112,0.076,425,13,0.3,0.15,0.260758561,-0.358025603,0.040819005,0,0.028731744,-0.050565627,0.005838485,1,1,2,1/2,2.63867,2.7128,0.10052,0.0996847,0.0760183,0.0763998,25406.4,25155.7,25686.2,25678.9,32802.5,32319,39459.9,38626.6,1.73205,2.20303,0.086695,0,25.2182,999.9,56.3,26.3,18.9659,63.0609,22.7244,1,-0.0819461,0,20.377,5.22118,11.9782,4.96975,3.29598,9112.5,9999,9999,250.5,4.9701,1.87528,1.87134,1.87439,1.87439,1.87249,1.87378,1.875,0,0,0,0,11111111,oooooooo,on,on,on,on,0,100,100,-3.112,0.076,-2.034680739,-0.002774575,7.27494E-07,-2.16226E-10,-0.044244958,-0.001584374,0.000939206,-5.31953E-06,23,2146,2,22,1.7,1.7,0.15625,4.99756,1.49902,2.28638,1.49902,2.28882,30.5446,24.2101,3,352.079,688.885,25.9503,26.2686,30.0002,26.1679,26.2073,-1,40,10,-999.9,400,20,101.427,107.964
11,1786210070,1200.4,20260808 13:27:49,13:27:49,15,1786210062,8.1743E-06,0.008174298,-0.064130114,424.8050645,682.7198261,69.67372752,43.35270661,0.000369777,3.138296267,0.000369753,0.000231098,261.4499564,27.58039282,26.68299677,3.51306057,38.51995504,1.310238359,3.4014535,2.202822211,-0.360486561,-92.59377563,-6.329881039,162.1658132,-0.093367488,0.006483582,-0.064130114,430.1075929,430.2670727,-0.000358738,92.61929382,0.008174298,12.82540127,12.8446049,1.4736E-05,96.40648864,0,0,1,0,54127.37754,1500,1273.859945,0.849239963,0.174299971,9,0.5,0: Broadleaf,2,TRUE,1786210062,424.8050645,424.5876774,12.83878065,12.82342581,427.9070645,12.76178065,375.1460323,101.9531613,0.100016106,26.13572581,26.68299677,999.9,0,0,10011.89484,694.6023871,0.218638,0.20677329,430.3196129,430.1030323,0.016328903,424.5876774,12.82342581,1.309052581,1.30738871,10.9032,10.88405484,1500,0.69200029,0.307999677,28,28282.53226,1786210086,13:28:05,1786210086,1786210086,13,0.01,-0.001,-3.102,0.077,424,13,0.38,0.14,0.201195659,0.041673993,0.034862814,1,0.016970705,-0.010672974,0.001226476,1,2,2,2/2,2.63864,2.71233,0.100501,0.0996577,0.0763452,0.0767295,25406.8,25155.5,25686.1,25678,32790.6,32306,39459.7,38625,1.73205,2.2023,0.0886619,0,25.2375,999.9,56.4,26.4,19.1121,62.3108,23.0088,1,-0.0810823,0,20.3784,5.22178,11.9757,4.96975,3.29598,9112.5,9999,9999,250.5,4.97008,1.87531,1.87134,1.87439,1.87439,1.8725,1.87376,1.875,0,0,0,0,11111111,oooooooo,on,on,on,on,0,100,100,-3.102,0.077,-2.041640338,-0.002774575,7.27494E-07,-2.16226E-10,-0.043709905,-0.001584374,0.000939206,-5.31953E-06,23,2146,2,22,1.7,1.8,0.15625,4.99756,1.49902,2.28638,1.49902,2.31201,30.5877,24.2101,3,352.142,688.402,25.9862,26.2801,30.0002,26.1789,26.2197,-1,40,10,-999.9,400,20,101.426,107.96
12,1786210190,1320.4,20260808 13:29:49,13:29:49,15,1786210182,8.03374E-06,0.008033741,-0.076815629,424.6527742,742.6354865,75.79002749,43.33814639,0.000362942,3.136228835,0.000362918,0.000226826,261.450214,27.60884619,26.70686129,3.517999252,38.51813415,1.312311776,3.406997263,2.205687476,-0.35428798,-91.90936147,-6.288854683,162.8977098,-0.082628446,0.00805267,-0.076815629,429.9475323,430.1389152,-0.000464582,92.53501301,0.008033741,12.84317936,12.86212308,7.92033E-06,95.21457977,0,0,1,0,54073.52989,1500.00129,1273.861054,0.849239972,0.174299993,9,0.5,0: Broadleaf,2,TRUE,1786210182,424.6527742,424.4627419,12.85880645,12.83973548,427.7267742,12.78080645,375.1361613,101.9554839,0.100004806,26.16327742,26.70686129,999.9,0,0,10002.23161,694.6943226,0.218638,0.161546235,430.1552903,429.9835806,0.018511374,424.4627419,12.83973548,1.31096871,1.309081613,10.9252,10.90352258,1500.00129,0.692,0.307999968,28,28282.54839,1786210206,13:30:05,1786210205,1786210206,14,0.027,0.001,-3.074,0.078,424,13,0.31,0.15,0.1625373,0.292821621,0.056635469,0,0.018014629,-0.001128636,0.003168709,1,1,2,1/2,2.63885,2.71267,0.100471,0.0996173,0.0764237,0.0767891,25407,25155.4,25685.5,25676.8,32786.6,32302.4,39458.3,38623.2,1.73167,2.20163,0.0884384,0,25.2572,999.9,56.2,26.5,19.1579,62.8508,22.4319,1,-0.0798831,0,20.3776,5.22223,11.9781,4.96955,3.2959,9112.5,9999,9999,250.5,4.97007,1.87528,1.87134,1.87439,1.87439,1.87247,1.87378,1.875,0,0,0,0,11111111,oooooooo,on,on,on,on,0,100,100,-3.074,0.078,-2.031861838,-0.002774575,7.27494E-07,-2.16226E-10,-0.044619057,-0.001584374,0.000939206,-5.31953E-06,23,2146,2,22,1.7,1.7,0.15625,4.99756,1.49902,2.28638,1.49902,2.34985,30.6309,24.2101,3,352.053,688,26.0178,26.2972,30.0002,26.1943,26.2351,-1,40,10,-999.9,400,20,101.423,107.955
13,1786210310,1440.4,20260808 13:31:49,13:31:49,15,1786210302,8.87554E-06,0.008875539,-0.076416093,424.3686452,709.16646,72.37406353,43.30899022,0.000401071,3.136349446,0.000401042,0.000250654,261.4501524,27.64251813,26.73736452,3.524320618,38.64616321,1.319318796,3.413841599,2.205001822,-0.391411271,-91.32818273,-6.250865585,163.4796928,-0.148662947,0.007149999,-0.076416093,429.4565854,429.797703,-0.01536285,92.61818198,0.008875539,12.90876428,12.92973497,4.54747E-06,96.38092455,0,0,1,0,54070.23755,1500.000645,1273.860564,0.849240011,0.174300027,9,0.5,0: Broadleaf,2,TRUE,1786210302,424.3686452,424.0192581,12.9275129,12.91058065,427.4546452,12.8475129,375.1307419,101.955129,0.099984413,26.19723871,26.73736452,999.9,0,0,10002.81677,694.8074194,0.218638,0.360774935,429.9380968,429.5653226,0.016690746,424.0192581,12.91058065,1.31800129,1.3163,11.00572581,10.9862871,1500.000645,0.691999645,0.308000355,28,28282.51935,1786210328,13:32:07,1786210328,1786210326,15,-0.014,0,-3.086,0.08,423,13,0.19,0.09,0.339841537,0.405689895,0.059016008,0,0.018056267,-0.002550079,0.0059213,1,1,2,1/2,2.63867,2.71253,0.100399,0.0995305,0.0767097,0.0770525,25407.9,25156,25684.5,25675,32774.4,32290.9,39456.1,38620.6,1.73145,2.20077,0.0882335,0,25.2927,999.9,56.2,26.5,19.1565,62.5808,22.8405,1,-0.0779827,0,20.3785,5.22088,11.9778,4.96975,3.29595,9112.5,9999,9999,250.6,4.9701,1.87531,1.87134,1.87439,1.87439,1.87247,1.87378,1.875,0,0,0,0,11111111,oooooooo,on,on,on,on,0,100,100,-3.086,0.08,-2.004523061,-0.002774575,7.27494E-07,-2.16226E-10,-0.043624551,-0.001584374,0.000939206,-5.31953E-06,23,2146,2,22,1.8,1.7,0.15625,4.99756,1.49902,2.28638,1.49902,2.38403,30.6956,24.2101,3,352.059,687.472,26.0476,26.3174,30.0002,26.214,26.2527,-1,40,10,-999.9,400,20,101.418,107.947
14,1786210430,1560.4,20260808 13:33:49,13:33:49,15,1786210422,8.0111E-06,0.008011098,-0.021273523,423.7343226,501.4132518,51.17088236,43.24349046,0.000361874,3.133649762,0.000361851,0.000226159,261.449873,27.67355608,26.7704871,3.531196036,38.76151888,1.325579999,3.419835026,2.205616037,-0.353289408,-91.82942016,-6.292566478,162.974597,-0.029909616,0.005887513,-0.021273523,429.3154651,429.3551152,0.001193624,92.5344457,0.008011098,12.97321224,12.99219091,-7.73086E-07,95.20717534,0,0,1,0,54000.97799,1499.999355,1273.859446,0.849239996,0.17429999,9,0.5,0: Broadleaf,2,TRUE,1786210422,423.7343226,423.6685484,12.98909355,12.97515161,426.8283226,12.90809355,375.1226129,101.9533226,0.099988084,26.22692903,26.7704871,999.9,0,0,9990.677419,694.8313871,0.218638,0.073076779,429.3180645,429.2379677,0.014141607,423.6685484,12.97515161,1.324300968,1.322859677,11.07752258,11.06111613,1499.999355,0.692000129,0.307999871,28,28282.49677,1786210447,13:34:06,1786210445,1786210447,16,-0.006,0,-3.094,0.081,424,13,0.25,0.15,0.149025516,-1.359523756,0.139797029,0,0.01236983,0.042176182,0.005300095,1,1,2,1/2,2.63877,2.71247,0.100317,0.0995476,0.0769781,0.0773371,25410.2,25154.7,25684.5,25674.2,32764.7,32279.7,39456.1,38619.3,1.73153,2.19998,0.0884943,0,25.3195,999.9,56.3,26.6,19.305,62.7908,22.2957,1,-0.0777464,0,20.3798,5.22163,11.9787,4.9696,3.2958,9112.5,9999,9999,250.6,4.97008,1.8753,1.87134,1.87439,1.8744,1.87246,1.87378,1.875,0,0,0,0,11111111,oooooooo,on,on,on,on,0,100,100,-3.094,0.081,-2.01824587,-0.002774575,7.27494E-07,-2.16226E-10,-0.043393344,-0.001584374,0.000939206,-5.31953E-06,23,2146,2,22,1.7,1.7,0.15625,4.99756,1.49902,2.28516,1.49902,2.31445,30.7604,24.2101,3,352.16,686.906,26.078,26.3286,30.0001,26.2253,26.2639,-1,40,10,-999.9,400,20,101.418,107.944
15,1786210550,1680.4,20260808 13:35:49,13:35:49,15,1786210542,8.52443E-06,0.008524435,-0.035385223,423.3672903,553.2723773,56.46075676,43.20410449,0.000384581,3.134769929,0.000384555,0.000240349,261.4499148,27.70162044,26.80056129,3.537448826,38.80364879,1.329272257,3.425637274,2.208176569,-0.375927576,-92.09448694,-6.310332186,162.6691681,-0.039902461,0.00818592,-0.035385223,428.8689433,428.9543697,5.82744E-05,92.53457685,0.008524435,13.00626122,13.02642028,2.53875E-06,95.20789738,0,0,1,0,54022.19301,1499.999032,1273.859212,0.849240022,0.174300056,9,0.5,0: Broadleaf,2,TRUE,1786210542,423.3672903,423.279871,13.02585484,13.00647097,426.4382903,12.94385484,375.1243548,101.9487742,0.099979865,26.25562903,26.80056129,999.9,0,0,9996.233226,694.9271613,0.218638,0.066484039,428.9334839,428.8577097,0.019192635,423.279871,13.00647097,1.327949355,1.325992903,11.11898065,11.09676452,1499.999032,0.691999258,0.308000742,28,28282.50645,1786210566,13:36:05,1786210563,1786210566,17,0.02,0,-3.071,0.082,423,13,0.42,0.13,0.091476841,-0.305573695,0.046848043,0,0.019766439,-0.011268268,0.001801971,1,1,2,1/2,2.63866,2.71263,0.100236,0.0994242,0.077124,0.0775248,25412.5,25157.9,25684.6,25674,32759.6,32272.8,39456.3,38619,1.73172,2.19915,0.0897981,0,25.335,999.9,56.3,26.7,19.4206,63.0008,22.7885,1,-0.0770427,0,20.3781,5.22133,11.9778,4.96965,3.29593,9112.5,9999,9999,250.6,4.97012,1.8753,1.87134,1.87439,1.87439,1.8725,1.87378,1.875,0,0,0,0,11111111,oooooooo,on,on,on,on,0,100,100,-3.071,0.082,-2.024362583,-0.002774575,7.27494E-07,-2.16226E-10,-0.043496182,-0.001584374,0.000939206,-5.31953E-06,23,2146,2,22,1.8,1.7,0.15625,4.99756,1.49902,2.28516,1.49902,2.29492,30.8037,24.2101,3,352.317,686.344,26.1056,26.3397,29.9999,26.2364,26.2769,-1,40,10,-999.9,400,20,101.419,107.943
16,1786210670,1800.4,20260808 13:37:49,13:37:49,15,1786210662,1.26982E-05,0.01269817,-0.123978729,422.986,748.4057471,76.37251637,43.16442696,0.000573052,3.136957518,0.000572994,0.000358127,261.4502014,27.72706297,26.8250129,3.542539735,38.91116758,1.335116326,3.431190604,2.207423409,-0.55998931,-91.65521464,-6.277484204,162.9575132,-0.128161758,0.01147914,-0.123978729,428.1768064,428.5139818,-0.003542637,92.53843405,0.01269817,13.04853768,13.07877203,-1.60718E-05,95.24604978,0,0,1,0,54068.93588,1500.000323,1273.860332,0.849240039,0.174300097,9,0.5,0: Broadleaf,2,TRUE,1786210662,422.986,422.6901613,13.08335484,13.05617419,426.057,13.00135484,375.1220323,101.9469677,0.099972255,26.28305806,26.8250129,999.9,0,0,10006.39258,694.9580645,0.218638,0.295989935,428.593871,428.2818387,0.027982652,422.6901613,13.05617419,1.333889677,1.331037742,11.18623548,11.15397419,1500.000323,0.69199871,0.30800129,28,28282.52258,1786210687,13:38:06,1786210686,1786210687,18,-0.001,-0.001,-3.071,0.082,423,13,0.29,0.15,0.283997293,0.31879639,0.052741221,0,0.025340034,0.065922866,0.007045273,1,1,2,1/2,2.63868,2.71245,0.100147,0.0993058,0.0773463,0.0776843,25413.8,25159.1,25683.4,25671.9,32749.6,32264.7,39453.9,38616.1,1.73145,2.19865,0.0888668,0,25.3793,999.9,56.3,26.7,19.4214,63.0008,22.4639,1,-0.0753811,0,20.3787,5.22193,11.9781,4.9695,3.29598,9112.5,9999,9999,250.7,4.97007,1.87531,1.87134,1.87439,1.87439,1.8725,1.87378,1.875,0,0,0,0,11111111,oooooooo,on,on,on,on,0,100,100,-3.071,0.082,-2.004101339,-0.002774575,7.27494E-07,-2.16226E-10,-0.04366586,-0.001584374,0.000939206,-5.31953E-06,23,2146,2,22,1.8,1.7,0.15625,4.99756,1.49902,2.28516,1.49902,2.34497,30.8253,24.2101,3,352.276,686.078,26.1307,26.3567,30.0002,26.2519,26.2909,-1,40,10,-999.9,400,20,101.413,107.935
17,1786210790,1920.4,20260808 13:39:49,13:39:49,15,1786210782,7.16154E-06,0.007161538,-0.056220823,422.4480968,681.6324518,69.55963846,43.11023749,0.000322673,3.136400062,0.000322655,0.000201661,261.4498329,27.75753894,26.85903871,3.549634666,38.95344004,1.338850329,3.437052871,2.210784337,-0.315823811,-92.50346575,-6.33870456,162.2918388,-0.073794568,0.004783584,-0.056220823,427.8700503,428.0162364,-0.000941623,92.56726312,0.007161538,13.10798867,13.12484056,9.97073E-06,95.52543597,0,0,1,0,54050.5668,1499.999355,1273.859317,0.84923991,0.174299964,9,0.5,0: Broadleaf,2,TRUE,1786210782,422.4480968,422.2759032,13.11973226,13.10840645,425.4900968,13.03673226,375.1381935,101.9486129,0.099988619,26.31197097,26.85903871,999.9,0,0,10003.6871,695.0707097,0.218638,0.143793987,428.0354516,427.8849032,0.011302216,422.2759032,13.10840645,1.337535484,1.336382258,11.22738387,11.21439677,1499.999355,0.692000194,0.30799971,28,28282.51613,1786210806,13:40:05,1786210804,1786210806,19,0.028,0,-3.042,0.083,422,13,0.43,0.17,0.21595508,-0.999688202,0.112561074,0,0.010316387,0.021276647,0.002975145,1,1,2,1/2,2.63852,2.71262,0.100056,0.0992399,0.0775471,0.0779277,25415.7,25159.5,25682.8,25670.4,32741.3,32254.3,39452.6,38614,1.73125,2.1979,0.088457,0,25.4207,999.9,56.3,26.8,19.5349,62.5508,22.6442,1,-0.0740218,0,20.38,5.22178,11.9791,4.96975,3.29598,9112.5,9999,9999,250.7,4.97014,1.87531,1.87134,1.87439,1.87439,1.87247,1.87378,1.875,0,0,0,0,11111111,oooooooo,on,on,on,on,0,100,100,-3.042,0.083,-2.004804486,-0.002774575,7.27494E-07,-2.16226E-10,-0.044205357,-0.001584374,0.000939206,-5.31953E-06,23,2146,2,22,1.7,1.7,0.15625,4.99756,1.49902,2.28516,1.49902,2.25342,30.8902,24.2101,3,352.27,685.626,26.156,26.3731,30.0002,26.2674,26.3074,-1,40,10,-999.9,400,20,101.41,107.929
18,1786210910,2040.4,20260808 13:41:49,13:41:49,15,1786210902,9.05616E-06,0.009056159,-0.103076946,422.1545161,804.4693003,82.09081327,43.07809825,0.000408161,3.136383291,0.000408131,0.000255085,261.4501868,27.77917802,26.87632581,3.553244056,39.03177979,1.343295211,3.441542298,2.209948845,-0.399376599,-91.68698179,-6.284028845,163.0797996,-0.115253732,0.008696607,-0.103076946,427.4292279,427.688497,-0.000858312,92.57182478,0.009056159,13.14214226,13.16351189,6.9005E-06,95.5839444,0,0,1,0,54046.06595,1500.000323,1273.860288,0.84924001,0.174300087,9,0.5,0: Broadleaf,2,TRUE,1786210902,422.1545161,421.8868065,13.16395484,13.14336452,425.2005161,13.08195484,375.1234516,101.9434839,0.099954255,26.33408387,26.87632581,999.9,0,0,10004.11387,695.1064194,0.218638,0.272362419,427.7914194,427.5056774,0.022502245,421.8868065,13.14336452,1.342174194,1.339880968,11.27961935,11.25381613,1500.000323,0.691998742,0.308001226,28,28282.49677,1786210925,13:42:04,1786210925,1786210925,20,-0.006,-0.001,-3.046,0.082,422,13,0.29,0.21,0.233824112,0.615262466,0.075958879,0,0.018813286,0.059549624,0.006313931,1,1,2,1/2,2.63829,2.71281,0.0999818,0.0991358,0.0777079,0.0780512,25416.3,25160.7,25681.3,25668.8,32733.5,32247.8,39450.3,38611.4,1.73115,2.19727,0.0878237,0,25.4462,999.9,56.2,26.9,19.6162,62.6108,23.4175,1,-0.0723349,0,20.3785,5.22193,11.9766,4.9698,3.29593,9112.5,9999,9999,250.7,4.9701,1.87531,1.87134,1.87439,1.8744,1.87247,1.87378,1.875,0,0,0,0,11111111,oooooooo,on,on,on,on,0,100,100,-3.046,0.082,-1.976417933,-0.002774575,7.27494E-07,-2.16226E-10,-0.044187031,-0.001584374,0.000939206,-5.31953E-06,23,2146,2,22,1.8,1.7,0.15625,4.99756,1.4978,2.28516,1.49902,2.3645,30.9119,24.2101,3,352.336,685.304,26.1806,26.3939,30.0002,26.2873,26.3255,-1,40,10,-999.9,400,20,101.404,107.922
19,1786211030,2160.4,20260808 13:43:49,13:43:49,15,1786211022,4.7019E-06,0.004701899,-0.110800053,421.7714516,1229.067077,125.4158703,43.0381992,0.000211912,3.138046847,0.000211904,0.000132441,261.4500308,27.7991946,26.89724516,3.557616112,39.11901995,1.34786312,3.445544194,2.209752991,-0.207353755,-91.94353878,-6.299552719,162.9995856,-0.126500765,0.004124445,-0.110800053,427.070701,427.3640303,-0.002370233,92.57380409,0.004701899,13.20365113,13.2145965,1.78436E-05,95.61093328,0,0,1,0,54081.8005,1500.000323,1273.860264,0.849239993,0.174299983,9,0.5,0: Broadleaf,2,TRUE,1786211022,421.7714516,421.472129,13.20896774,13.19920323,424.8354516,13.12696774,375.1306452,101.9415484,0.099969681,26.35377419,26.89724516,999.9,0,0,10011.89677,695.123871,0.218638,0.317185968,427.4359355,427.1095484,0.011295318,421.472129,13.19920323,1.346696774,1.345545806,11.33039355,11.31748387,1500.000323,0.692000226,0.307999774,28,28282.53548,1786211046,13:44:05,1786211046,1786211046,21,-0.019,-0.001,-3.064,0.082,421,13,0.26,0.14,0.281773317,0.480022704,0.062947868,0,0.011201162,-0.005322549,0.002478095,1,1,2,1/2,2.63867,2.71265,0.0999104,0.0990376,0.0779261,0.0782806,25416.5,25161.8,25679.6,25667.2,32723.2,32237.8,39447.3,38609.2,1.73105,2.1961,0.0881962,0,25.453,999.9,56.3,26.9,19.652,63.1508,22.4279,1,-0.0704599,0,20.3786,5.22223,11.976,4.96955,3.29598,9112.5,9999,9999,250.8,4.9701,1.87531,1.87134,1.8744,1.87439,1.87255,1.87378,1.875,0,0,0,0,11111111,oooooooo,on,on,on,on,0,100,100,-3.064,0.082,-1.982139266,-0.002774575,7.27494E-07,-2.16226E-10,-0.045486063,-0.001584374,0.000939206,-5.31953E-06,23,2146,2,22,1.8,1.8,0.15625,4.99756,1.49902,2.28394,1.49902,2.28882,30.9769,24.2101,3,352.403,684.519,26.2005,26.4154,30.0002,26.3073,26.3453,-1,40,10,-999.9,400,20,101.397,107.915
20,1786211150,2280.5,20260808 13:45:49,13:45:49,15,1786211142,5.69966E-06,0.00569966,0.000191531,421.5744333,405.6812167,41.39547321,43.01720771,0.00025663,3.137197242,0.000256618,0.000160387,261.4499175,27.81565418,26.91805,3.561968892,39.14771831,1.350154221,3.448870788,2.211814671,-0.251355016,-92.67168576,-6.352343163,162.1745336,0.004617476,0.004932238,0.000191531,427.2612281,427.2594848,0.000126463,92.57569681,0.00569966,13.22128969,13.23459091,1.84177E-05,95.63701464,0,0,1,0,54058.71403,1499.999333,1273.859447,0.849240009,0.174300023,9,0.5,0: Broadleaf,2,TRUE,1786211142,421.5744333,421.5905,13.23169333,13.22001667,424.6364333,13.14869333,375.1309333,101.9394333,0.099979663,26.37012667,26.91805,999.9,0,0,10008.22633,695.1987333,0.218638,-0.018404135,427.2250667,427.2384667,0.01196795,421.5905,13.22001667,1.34886,1.34764,11.35461333,11.34095,1499.999333,0.6919997,0.3080003,28,28282.50667,1786211169,13:46:09,1786211169,1786211166,22,0.003,0,-3.062,0.083,422,13,0.78,0.12,-0.010561374,-0.103519799,0.021193692,0,0.01253865,-0.014528435,0.00230918,1,1,2,1/2,2.63861,2.71265,0.0998872,0.0990958,0.078013,0.0784264,25415.9,25158.5,25678.5,25665.6,32718.8,32230.4,39445.8,38606.6,1.73078,2.19552,0.0904426,0,25.4402,999.9,56.2,27,19.733,63.2926,23.0449,1,-0.0684629,0,20.3787,5.22208,11.9787,4.9696,3.29595,9112.5,9999,9999,250.8,4.97014,1.87531,1.87134,1.87439,1.87439,1.87246,1.87378,1.87501,0,0,0,0,11111111,oooooooo,on,on,on,on,0,100,100,-3.062,0.083,-2.000939009,-0.002774575,7.27494E-07,-2.16226E-10,-0.046159464,-0.001584374,0.000939206,-5.31953E-06,23,2146,2,22,1.7,1.7,0.15625,4.99756,1.49902,2.28394,1.49902,2.2644,31.0202,24.2101,3,352.395,684.292,26.2204,26.4369,30.0003,26.3287,26.3674,-1,40,10,-999.9,400,20,101.393,107.908
21,1786211270,2400.5,20260808 13:47:49,13:47:49,15,1786211262,7.57455E-06,0.007574548,0.013329669,421.4941667,345.2571019,35.22947462,43.00858104,0.000340714,3.133000989,0.000340694,0.000212935,261.4499756,27.83659353,26.94107333,3.566791242,39.18165859,1.352888758,3.452862402,2.213902485,-0.334037574,-93.12538965,-6.393357024,161.5971914,-0.126513269,0.005629353,0.013329669,426.7568237,426.9793697,-0.025240021,92.57293104,0.007574548,13.24157542,13.25950559,1.38236E-07,95.59967433,0,0,1,0,53955.95569,1500.000333,1273.86025,0.849239978,0.174299945,9,0.5,0: Broadleaf,2,TRUE,1786211262,421.4941667,421.1963333,13.25862667,13.2453,424.5081667,13.17462667,375.1308667,101.9383667,0.10001119,26.38973,26.94107333,999.9,0,0,9989.183667,695.2375667,0.218638,0.250309167,427.1093,426.8500333,0.012868369,421.1963333,13.2453,1.351516333,1.350205333,11.38432333,11.36965667,1500.000333,0.692000733,0.307999267,28,28282.54333,1786211286,13:48:06,1786211285,1786211286,23,0.047,0,-3.014,0.084,421,13,0.24,0.21,0.244230625,0.168910886,0.04418769,0,0.012275506,0.029254007,0.00395233,1,1,2,1/2,2.63819,2.71256,0.0998305,0.0990012,0.0781174,0.0785001,25415.9,25158.9,25677,25663.3,32712.7,32225,39443,38603.3,1.73032,2.19492,0.0905544,0,25.4597,999.9,56.1,27.1,19.8129,62.7526,23.3574,1,-0.0666946,0,20.3796,5.22193,11.9785,4.96965,3.296,9112.5,9999,9999,250.8,4.97004,1.87531,1.87136,1.87441,1.87441,1.87253,1.87377,1.875,0,0,0,0,11111111,oooooooo,on,on,on,on,0,100,100,-3.014,0.084,-1.998135791,-0.002774575,7.27494E-07,-2.16226E-10,-0.046438114,-0.001584374,0.000939206,-5.31953E-06,23,2146,2,22,1.7,1.7,0.15625,4.99756,1.49902,2.28394,1.49902,2.35474,31.0636,24.2101,3,352.314,684.043,26.2404,26.4604,30.0002,26.3517,26.3896,-1,40,10,-999.9,400,20,101.386,107.899
22,1786211390,2520.5,20260808 13:49:49,13:49:49,15,1786211382,1.05224E-05,0.010522425,-0.035256645,421.9194333,524.4046686,53.50932532,43.05191309,0.000472732,3.136590594,0.000472692,0.000295436,261.4498032,27.860006,26.96115667,3.571002449,39.16562096,1.354387468,3.458102885,2.21661498,-0.464038955,-92.28118222,-6.329599506,162.3749825,0.005710065,0.007969639,-0.035256645,427.5764176,427.6558061,0.000626998,92.59175474,0.010522425,13.25095498,13.27574406,1.15469E-05,95.87575769,0,0,1,0,54036.16818,1499.998333,1273.858583,0.849239999,0.174300062,9,0.5,0: Broadleaf,2,TRUE,1786211382,421.9194333,421.9412,13.27333333,13.25446667,424.9454333,13.19233333,375.1309,101.9382667,0.099965493,26.41543667,26.96115667,999.9,0,0,10005.572,695.2999667,0.218638,-0.011259964,427.6070667,427.6090667,0.0220192,421.9412,13.25446667,1.353383333,1.351138333,11.40515,11.38007667,1499.998333,0.691999067,0.3080009,28,28282.48667,1786211406,13:50:05,1786211405,1786211406,24,-0.011,-0.002,-3.026,0.081,422,13,0.33,0.11,-0.022992703,0.381983761,0.042714467,0,0.019604043,0.065118861,0.006398829,1,1,2,1/2,2.63824,2.7127,0.099935,0.0991393,0.0781773,0.0784954,25411.6,25153.1,25675.7,25661.4,32708.7,32223.1,39440.8,38600.8,1.72973,2.19427,0.0891984,0,25.5096,999.9,56,27.1,19.7775,62.4226,22.9888,1,-0.0643115,0,20.3779,5.22238,11.9791,4.96955,3.29595,9112.5,9999,9999,250.9,4.97015,1.87531,1.87134,1.8744,1.87448,1.87254,1.87378,1.875,0,0,0,0,11111111,oooooooo,on,on,on,on,0,100,100,-3.026,0.081,-1.951199953,-0.002774575,7.27494E-07,-2.16226E-10,-0.046186528,-0.001584374,0.000939206,-5.31953E-06,23,2146,2,22,1.7,1.7,0.15625,4.99756,1.49902,2.28394,1.49902,2.24976,31.107,24.2101,3,352.178,683.787,26.261,26.4877,30.0002,26.3777,26.4147,-1,40,10,-999.9,400,20,101.381,107.891
23,1786211510,2640.5,20260808 13:51:49,13:51:49,15,1786211502,4.09519E-06,0.004095188,-0.065537772,421.3016452,967.1518758,98.68010255,42.98610238,0.000183777,3.136455373,0.000183771,0.000114857,261.4499728,27.88645186,26.98307742,3.575603891,39.17977697,1.356863631,3.463173442,2.21874026,-0.180597774,-91.78345355,-6.297205111,163.1887163,-0.056887256,0.004658937,-0.065537772,426.7919709,426.9504727,8.44441E-05,92.6188364,0.004095188,13.29235573,13.30180839,2.29918E-05,96.39632433,0,0,1,0,54028.34625,1500.000323,1273.860241,0.849239978,0.174299944,9,0.5,0: Broadleaf,2,TRUE,1786211502,421.3016452,421.169871,13.29845806,13.28742903,424.3026452,13.21445806,375.1265161,101.9316774,0.099973477,26.44027742,26.98307742,999.9,0,0,10005.60161,695.3772903,0.218638,0.108228152,426.9552903,426.8415806,0.0094064,421.169871,13.28742903,1.355367419,1.35441,11.42729032,11.4166129,1500.000323,0.692000742,0.307999258,28.00403548,28282.52581,1786211528,13:52:07,1786211522,1786211528,25,0.024,0.002,-3.001,0.084,422,13,0.31,0.15,0.111479193,-0.057064083,0.023894895,1,0.01116226,-0.046306081,0.004888041,1,2,2,2/2,2.63873,2.71271,0.0997971,0.0990009,0.0782927,0.0786968,25414.3,25154.9,25674.5,25659.4,32703,32213.3,39438.9,38597.7,1.73013,2.19317,0.087969,0,25.5462,999.9,56,27.2,19.8963,62.7226,22.6562,1,-0.062622,0,20.3779,5.22268,11.9794,4.96975,3.29595,9112.5,9999,9999,250.9,4.97016,1.87531,1.87136,1.87441,1.8744,1.87255,1.87378,1.87501,0,0,0,0,11111111,oooooooo,on,on,on,on,0,100,100,-3.001,0.084,-1.96174959,-0.002774575,7.27494E-07,-2.16226E-10,-0.048409687,-0.001584374,0.000939206,-5.31953E-06,23,2146,2,22,1.8,1.7,0.15625,4.99756,1.49902,2.28516,1.4978,2.31323,31.1504,24.2101,3,352.498,683.117,26.2862,26.5092,30.0002,26.4007,26.4383,-1,40,10,-999.9,400,20,101.376,107.883
24,1786211630,2760.5,20260808 13:53:49,13:53:49,15,1786211622,7.62198E-06,0.007621981,-0.04938728,421.5476452,634.2327487,64.70890776,43.00927025,0.000341282,3.133214595,0.000341262,0.00021329,261.4497932,27.9121012,27.01383548,3.582069122,39.16886551,1.35849798,3.468310767,2.223571142,-0.336129373,-92.63837157,-6.364214637,162.1110776,-0.051417209,0.006412945,-0.04938728,427.1062764,427.2239939,0.000234207,92.62509767,0.007621981,13.30073274,13.31867622,9.41124E-06,96.55353983,0,0,1,0,53947.12441,1499.999355,1273.859414,0.849239975,0.174299937,9,0.5,0: Broadleaf,2,TRUE,1786211622,421.5476452,421.4307742,13.31507419,13.29989355,424.5356452,13.23207419,375.1356129,101.9270645,0.100003455,26.4654129,27.01383548,999.9,0,0,9991.265806,695.4521613,0.218638,0.103723326,427.2238387,427.1112581,0.017247845,421.4307742,13.29989355,1.357376774,1.35561871,11.44965161,11.4300871,1499.999355,0.692000839,0.307999161,28.01076129,28282.52581,1786211645,13:54:04,1786211644,1786211645,26,0.012,-0.002,-2.988,0.083,421,13,0.36,0.11,0.102333035,-0.11740997,0.041607535,0,0.017969895,-0.015829304,0.002428356,1,1,2,1/2,2.63859,2.71246,0.0998315,0.0990316,0.0783459,0.0787278,25412,25152.6,25673.4,25658,32699.3,32210.6,39436.8,38595.7,1.72967,2.1926,0.0879839,0,25.5735,999.9,55.9,27.2,19.8616,62.8127,22.528,1,-0.0606707,0,20.3786,5.22253,11.9782,4.96965,3.29595,9112.5,9999,9999,250.9,4.97012,1.87531,1.87134,1.87441,1.8744,1.87253,1.87378,1.875,0,0,0,0,11111111,oooooooo,on,on,on,on,0,100,100,-2.988,0.083,-1.937871006,-0.002774575,7.27494E-07,-2.16226E-10,-0.046093828,-0.001584374,0.000939206,-5.31953E-06,23,2146,2,22,1.8,1.7,0.15625,4.99756,1.4978,2.28394,1.4978,2.31689,31.2156,24.2101,3,352.42,682.918,26.3083,26.5342,30.0003,26.4245,26.4627,-1,40,10,-999.9,400,20,101.371,107.877
25,1786211750,2880.5,20260808 13:55:49,13:55:49,15,1786211742,6.03533E-06,0.006035329,-0.00632758,421.0442258,443.0897871,45.20529655,42.95614488,0.000269991,3.13553766,0.000269978,0.000168738,261.4500327,27.93179049,27.03573871,3.586679317,39.20196421,1.36127616,3.472469269,2.225403157,-0.266157991,-92.97425378,-6.383906202,161.8257147,0.001425779,0.003671362,-0.00632758,426.7729349,426.7872667,0.000104399,92.54511854,0.006035329,13.33218509,13.34646923,1.7001E-07,95.31172293,0,0,1,0,53998.26768,1500,1273.860013,0.849240009,0.174300022,9,0.5,0: Broadleaf,2,TRUE,1786211742,421.0442258,421.0513548,13.34285161,13.33416129,424.0302258,13.25885161,375.1458387,101.922871,0.100009871,26.48573548,27.03573871,999.9,0,0,10002.27742,695.4707742,0.218638,-0.008744763,426.7363548,426.7416452,0.008187569,421.0513548,13.33416129,1.35989129,1.359056774,11.47763226,11.46836452,1500,0.69199971,0.30800029,28.08738065,28282.52581,1786211766,13:56:05,1786211763,1786211766,27,0.002,0.001,-2.986,0.084,421,13,0.27,0.11,0.023515652,-0.345312573,0.072771422,0,0.008391611,0.008075115,0.003050575,1,1,2,1/2,2.63836,2.71246,0.0997407,0.0989483,0.0784708,0.0788663,25413,25152.8,25671.8,25655.9,32692.7,32203.1,39434.2,38592.7,1.72943,2.192,0.0877678,0,25.5979,999.9,55.8,27.3,19.9428,62.5127,22.8966,1,-0.0588237,0,20.3782,5.22268,11.9788,4.9698,3.29598,9112.5,9999,9999,251,4.97014,1.87531,1.87134,1.8744,1.8744,1.87254,1.87378,1.875,0,0,0,0,11111111,oooooooo,on,on,on,on,0,100,100,-2.986,0.084,-1.925479767,-0.002774575,7.27494E-07,-2.16226E-10,-0.048204482,-0.001584374,0.000939206,-5.31953E-06,23,2146,2,22,1.8,1.8,0.15625,4.99756,1.49902,2.28394,1.49902,2.27783,31.2374,24.2101,3,352.426,682.67,26.331,26.5563,30.0002,26.4462,26.4849,-1,40,10,-999.9,400,20,101.364,107.868
26,1786211870,3000.5,20260808 13:57:49,13:57:49,15,1786211862,4.36806E-06,0.004368059,-0.011713072,421.0030323,500.4807694,51.06241397,42.95356072,0.000195291,3.135658059,0.000195284,0.000122053,261.4502648,27.95117758,27.0525129,3.590213454,39.22234199,1.363514119,3.476370992,2.226699335,-0.192631394,-92.59337233,-6.358649204,162.3056119,0.086846536,0.002609636,-0.011713072,427.0521127,426.8658121,0.021279318,92.54605094,0.004368059,13.35976673,13.3700042,9.84594E-06,95.3212468,0,0,1,0,53997.76299,1500.00129,1273.861112,0.849240011,0.174300027,9,0.5,0: Broadleaf,2,TRUE,1786211862,421.0030323,421.2140323,13.36428387,13.35810645,423.9740323,13.28028387,375.1217097,101.9267742,0.099951103,26.50478387,27.0525129,999.9,0,0,10002.44387,695.5851935,0.218638,-0.225641129,426.691129,426.9168387,0.006960225,421.2140323,13.35810645,1.362257742,1.361548065,11.50390645,11.49603226,1500.00129,0.691999645,0.308000355,28.28360645,28282.53226,1786211887,13:58:06,1786211885,1786211887,28,0.016,-0.001,-2.971,0.084,422,13,0.25,0.23,-0.135427906,-1.588642345,0.15891299,0,0.009204794,-0.026131589,0.004732396,1,1,2,1/2,2.63788,2.7126,0.0997543,0.0990225,0.0785679,0.0789577,25411.3,25149.3,25670.6,25654.6,32687.5,32198.3,39432.2,38590.8,1.72897,2.19185,0.0896119,0,25.5972,999.9,55.7,27.3,19.9066,62.3027,23.1891,1,-0.0575661,0,20.3802,5.22058,11.9773,4.96955,3.29593,9112.5,9999,9999,251,4.97013,1.87531,1.87135,1.8744,1.87439,1.87252,1.87378,1.875,0,0,0,0,11111111,oooooooo,on,on,on,on,0,100,100,-2.971,0.084,-1.923664321,-0.002774575,7.27494E-07,-2.16226E-10,-0.047358564,-0.001584374,0.000939206,-5.31953E-06,23,2146,2,22,1.8,1.7,0.15625,4.99756,1.49902,2.28394,1.49902,2.38403,31.2809,24.2101,3,352.31,682.742,26.3522,26.5743,30.0002,26.4632,26.5012,-1,40,10,-999.9,400,20,101.359,107.863
27,1786211990,3120.5,20260808 13:59:49,13:59:49,15,1786211982,6.67211E-06,0.006672113,-0.086053297,421.2088065,860.2303496,87.7643315,42.97350046,0.000298052,3.134333656,0.000298036,0.000186274,261.4503626,27.97472997,27.07119032,3.594152156,39.22959893,1.365661998,3.481203059,2.228490158,-0.294240202,-91.728451,-6.303246344,163.124425,-0.163422619,0.007421731,-0.086053297,426.4036966,426.7505697,-0.013629983,92.58650982,0.006672113,13.37301761,13.38871119,9.54587E-06,95.7930966,0,0,1,0,53962.16779,1500.002581,1273.862081,0.849239926,0.174299942,9,0.5,0: Broadleaf,2,TRUE,1786211982,421.2088065,420.8242258,13.38566452,13.36809677,424.1548065,13.30166452,375.1277419,101.9242258,0.099995429,26.52834839,27.07119032,999.9,0,0,9996.65,695.7143226,0.218638,0.36074329,426.8993871,426.5259355,0.017969787,420.8242258,13.36809677,1.364363871,1.362533226,11.52726452,11.50694839,1500.002581,0.692000581,0.307999355,28.4086,28282.58387,1786212007,14:00:06,1786212007,1786212005,29,0.023,-0.001,-2.946,0.084,421,13,0.23,0.14,0.330691425,0.619484702,0.069684351,0,0.019936565,-0.058407526,0.006601617,1,1,2,1/2,2.63823,2.7125,0.0997227,0.0988743,0.0786427,0.079004,25411.9,25152.7,25670.4,25653.8,32684.5,32195.7,39431.8,38589.7,1.72895,2.19123,0.0880472,0,25.6329,999.9,55.6,27.4,19.9881,63.0527,23.2572,1,-0.0569258,0,20.3828,5.22148,11.9796,4.9696,3.29598,9112.5,9999,9999,251,4.97008,1.87531,1.87135,1.8744,1.8744,1.87249,1.87378,1.875,0,0,0,0,11111111,oooooooo,on,on,on,on,0,100,100,-2.946,0.084,-1.907510793,-0.002774575,7.27494E-07,-2.16226E-10,-0.048181012,-0.001584374,0.000939206,-5.31953E-06,23,2146,2,22,1.7,1.7,0.15625,4.99756,1.49902,2.28394,1.49902,2.30103,31.3026,24.2101,3,352.374,682.353,26.3739,26.5855,30.0002,26.4766,26.514,-1,40,10,-999.9,400,20,101.358,107.86
28,1786212110,3240.5,20260808 14:01:49,14:01:49,15,1786212102,4.12016E-06,0.004120163,-0.103910172,420.539871,1293.657775,131.9781146,42.9032008,0.000183951,3.134581557,0.000183945,0.000114966,261.4499474,27.99238276,27.09244839,3.598639654,39.29008583,1.369151234,3.484724466,2.22948842,-0.181699207,-92.42911654,-6.352111984,162.4870196,-0.010043379,0.001725367,-0.103910172,426.2941692,426.3318242,0.021301326,92.57925418,0.004120163,13.41621858,13.42590699,6.11374E-06,95.68612216,0,0,1,0,53964.82891,1500.000323,1273.86023,0.849239971,0.174299927,9,0.5,0: Broadleaf,2,TRUE,1786212102,420.539871,420.5175161,13.42050645,13.41642258,423.467871,13.33650645,375.1319355,101.9193548,0.099986877,26.54550323,27.09244839,999.9,0,0,9998.259032,695.8069677,0.218638,0.00486608,426.2430645,426.2362258,0.004541981,420.5175161,13.41642258,1.367856129,1.367392581,11.56590645,11.56078065,1500.000323,0.692000968,0.307999032,28.52689032,28282.53226,1786212127,14:02:07,1786212127,1786212124,30,0.017,0,-2.928,0.084,420,13,0.44,0.18,0.021538547,-0.473265802,0.050029565,0,0.004834937,0.008523051,0.003700282,1,1,2,1/2,2.63821,2.71275,0.0996355,0.098858,0.0788014,0.0792189,25413.3,25150.8,25669.3,25651.5,32676.9,32185.1,39429.6,38586.1,1.72917,2.19033,0.0867248,0,25.6763,999.9,55.6,27.5,20.1077,62.5727,23.2372,1,-0.0554599,0,20.3793,5.22178,11.9791,4.96975,3.296,9112.5,9999,9999,251.1,4.97014,1.87531,1.87141,1.87444,1.87442,1.87253,1.87378,1.87501,0,0,0,0,11111111,oooooooo,on,on,on,on,0,100,100,-2.928,0.084,-1.884483069,-0.002774575,7.27494E-07,-2.16226E-10,-0.04884368,-0.001584374,0.000939206,-5.31953E-06,23,2146,2,22,1.7,1.8,0.15625,4.99756,1.49902,2.28394,1.4978,2.38159,31.3244,24.2101,3,352.57,681.783,26.3916,26.6012,30.0002,26.4922,26.5316,-1,40,10,-999.9,400,20,101.353,107.85
29,1786212230,3360.5,20260808 14:03:49,14:03:49,15,1786212222,5.06621E-06,0.005066205,0.038836089,420.2957,135.7609085,13.84919005,42.87504473,0.000226312,3.13427262,0.000226303,0.00014144,261.4498256,28.00867268,27.10531,3.601357067,39.37174241,1.373323597,3.48809454,2.22803347,-0.223419661,-91.82152688,-6.311901891,163.0929772,0.039750045,0.005254412,0.038836089,426.2568719,426.1492424,0.001306137,92.57975051,0.005066205,13.4514702,13.4634021,5.68266E-06,95.6933828,0,0,1,0,53954.40878,1499.999,1273.859112,0.849239974,0.1743,9,0.5,0: Broadleaf,2,TRUE,1786212222,420.2957,420.3963667,13.46242333,13.44998667,423.2547,13.37742333,375.1252333,101.9116333,0.099985457,26.56190667,27.10531,999.9,0,0,9997.606667,695.782,0.218638,-0.06986182,426.0622667,426.1278333,0.012283997,420.3963667,13.44998667,1.371961333,1.37071,11.61122333,11.59743,1499.999,0.6919999,0.308000067,28.80972,28282.51,1786212245,14:04:04,1786212245,1786212245,31,-0.03,0,-2.959,0.085,421,13,0.2,0.14,0.026790741,-1.729362541,0.172095557,0,0.012575642,-0.004718722,0.001694829,1,1,2,1/2,2.63827,2.71262,0.0995912,0.098853,0.078955,0.07934,25412.5,25149.2,25667.4,25649.7,32668.8,32178.8,39426.5,38583.6,1.729,2.1899,0.0883825,0,25.6599,999.9,55.6,27.5,20.1073,63.0227,22.9808,1,-0.0536916,0,20.3803,5.22178,11.9793,4.96955,3.29583,9112.5,9999,9999,251.1,4.97008,1.87531,1.87136,1.87444,1.8744,1.87253,1.87378,1.875,0,0,0,0,11111111,oooooooo,on,on,on,on,0,100,100,-2.959,0.085,-1.867702073,-0.002774575,7.27494E-07,-2.16226E-10,-0.049299105,-0.001584374,0.000939206,-5.31953E-06,23,2146,2,22,1.7,1.8,0.15625,4.99756,1.4978,2.28271,1.4978,2.39014,31.368,24.2188,3,352.596,681.633,26.4099,26.6214,30.0002,26.5115,26.5495,-1,40,10,-999.9,400,20,101.345,107.843
30,1786212350,3480.5,20260808 14:05:49,14:05:49,15,1786212342,7.611E-06,0.007610999,-0.060732972,419.4947419,685.5461575,69.93113719,42.79178583,0.000339968,3.134208137,0.000339948,0.000212469,261.4499745,28.02077101,27.1245,3.605414876,39.45810427,1.377366539,3.490706318,2.228048337,-0.335645047,-92.91575365,-6.388270808,161.810305,-0.064505933,0.006745447,-0.060732972,425.0378518,425.1866848,-0.0001126,92.58088972,0.007610999,13.48306759,13.50121119,-1.25121E-05,95.70967943,0,0,1,0,53950.51781,1500,1273.859952,0.849239968,0.174299983,9,0.5,0: Broadleaf,2,TRUE,1786212342,419.4947419,419.3467742,13.50254516,13.48658065,422.4397419,13.41654516,375.1400645,101.9079355,0.099983939,26.57460968,27.1245,999.9,0,0,9997.675161,695.8202581,0.218638,0.136391,425.2246129,425.0796774,0.015769432,419.3467742,13.48658065,1.375994194,1.374388065,11.65565484,11.63796774,1500,0.692000129,0.307999839,28.96234839,28282.52581,1786212368,14:06:07,1786212368,1786212365,32,0.01,0.001,-2.945,0.086,419,13,0.35,0.13,0.11843496,0.407270339,0.046749209,0,0.012674234,0.064367552,0.006912234,1,1,2,1/2,2.63821,2.71275,0.0994077,0.0985866,0.0791103,0.079478,25417.1,25155.9,25666.8,25649.1,32662.5,32173.1,39425.7,38582.8,1.72875,2.1893,0.0884384,0,25.6779,999.9,55.5,27.6,20.191,62.6627,22.4279,1,-0.0528252,0,20.3808,5.22058,11.9787,4.96975,3.29598,9112.5,9999,9999,251.1,4.97012,1.87531,1.87135,1.87441,1.87441,1.87253,1.87378,1.875,0,0,0,0,11111111,oooooooo,on,on,on,on,0,100,100,-2.945,0.086,-1.897970234,-0.002774575,7.27494E-07,-2.16226E-10,-0.049160788,-0.001584374,0.000939206,-5.31953E-06,23,2146,2,22,1.8,1.8,0.15625,4.99756,1.4978,2.28271,1.4978,2.3999,31.4115,24.2188,3,352.559,681.274,26.4244,26.635,30.0001,26.5258,26.5628,-1,40,10,-999.9,400,20,101.343,107.84
31,1786212470,3600.5,20260808 14:07:49,14:07:49,15,1786212462,6.79742E-06,0.006797424,-0.044373201,419.0093548,634.0804192,64.67891466,42.74074626,0.000303497,3.13450205,0.000303481,0.000189677,261.4500325,28.04134019,27.14282903,3.609294356,39.49907726,1.380464352,3.494928104,2.228830004,-0.299766384,-92.55487537,-6.364099019,162.2312917,-0.025760736,0.004650567,-0.044373201,424.6447458,424.7548485,-0.000216587,92.54759147,0.006797424,13.52056337,13.53661399,3.53467E-06,95.33677447,0,0,1,0,53953.68681,1500.000645,1273.86044,0.849239928,0.174299947,9,0.5,0: Broadleaf,2,TRUE,1786212462,419.0093548,418.9522258,13.53339677,13.52239032,421.9473548,13.44639677,375.1314194,101.9042903,0.099986584,26.59512581,27.14282903,999.9,0,0,9999.374194,695.7895484,0.218638,0.049603865,424.7502258,424.6950968,0.011276274,418.9522258,13.52239032,1.379140323,1.377991613,11.69019677,11.67758387,1500.000645,0.692000516,0.307999419,29,28282.55161,1786212486,14:08:05,1786212485,1786212486,33,0.006,-0.001,-2.938,0.087,419,14,0.41,0.08,0.006885533,0.82164564,0.087546683,0,0.011285638,0.016389719,0.007134812,1,1,2,1/2,2.63821,2.71256,0.0993243,0.0985012,0.0792538,0.0795698,25418.8,25157.5,25666.2,25648.3,32656.3,32168.8,39424.4,38581.5,1.72887,2.18897,0.0861287,0,25.7278,999.9,55.4,27.6,20.1542,63.2627,22.8165,1,-0.0523628,0,20.3806,5.21924,11.9796,4.96945,3.29598,9112.5,9999,9999,251.2,4.97016,1.87531,1.87139,1.87446,1.87439,1.87255,1.87377,1.87502,0,0,0,0,11111111,oooooooo,on,on,on,on,0,100,100,-2.938,0.087,-1.888084165,-0.002774575,7.27494E-07,-2.16226E-10,-0.048308615,-0.001584374,0.000939206,-5.31953E-06,23,2146,2,22,1.7,1.8,0.15625,4.99756,1.49902,2.28271,1.49902,2.29004,31.4115,24.2101,3,352.67,681.1,26.4435,26.6417,30,26.5348,26.5717,-1,40,10,-999.9,400,20,101.34,107.837
32,1786212590,3720.5,20260808 14:09:49,14:09:49,15,1786212582,3.90624E-06,0.003906237,0.034237753,418.9523548,95.78468975,9.770248163,42.73405787,0.000174493,3.134686596,0.000174487,0.000109055,261.4498149,28.06080911,27.16165806,3.613283458,39.60556476,1.385724764,3.498813291,2.227558694,-0.172265034,-92.55487309,-6.364924045,162.3577527,0.047251465,0.003038249,0.034237753,424.9196748,424.828903,0.000742689,92.6237544,0.003906237,13.57954699,13.58876993,2.04694E-06,96.51799051,0,0,1,0,53954.6037,1499.999355,1273.859348,0.84923993,0.174299952,9,0.5,0: Broadleaf,2,TRUE,1786212582,418.9523548,419.0687742,13.58524516,13.57805484,421.9203548,13.49824516,375.125871,101.9021935,0.099996868,26.6139871,27.16165806,999.9,0,0,10000.42226,695.8086129,0.218638,-0.087554954,424.7518065,424.8372903,0.007876026,419.0687742,13.57805484,1.384436774,1.383634194,11.74823226,11.73945161,1499.999355,0.692000452,0.307999484,29,28282.52581,1786212608,14:10:07,1786212608,1786212606,34,-0.028,0,-2.968,0.087,419,14,0.42,0.13,-0.048334512,-0.702423233,0.070107756,0,0.006587863,0.01560281,0.004486497,1,1,2,1/2,2.63825,2.71253,0.0993342,0.0985981,0.0794751,0.0798471,25417.5,25153.3,25665.2,25646.8,32646.8,32157.1,39422.5,38579.2,1.72873,2.18845,0.0886619,0,25.7184,999.9,55.5,27.7,20.3093,62.9327,23.3694,1,-0.0513847,0,20.3812,5.22088,11.9791,4.96945,3.29595,9112.5,9999,9999,251.2,4.97008,1.87531,1.87134,1.87446,1.87439,1.87249,1.87378,1.875,0,0,0,0,11111111,oooooooo,on,on,on,on,0,100,100,-2.968,0.087,-1.881731456,-0.002774575,7.27494E-07,-2.16226E-10,-0.048973942,-0.001584374,0.000939206,-5.31953E-06,23,2146,2,22,1.8,1.7,0.15625,4.99756,1.49902,2.28271,1.49902,2.34497,31.4552,24.2101,3,352.65,680.778,26.4611,26.653,30.0002,26.5438,26.5829,-1,40,10,-999.9,400,20,101.336,107.83
33,1786212710,3840.5,20260808 14:11:49,14:11:49,15,1786212702,6.28388E-06,0.006283879,-0.065920211,419.740871,774.6188477,79.01209435,42.81409547,0.0002803,3.134210631,0.000280286,0.00017518,261.4499619,28.08158289,27.18621935,3.618492775,39.61531938,1.38779518,3.503178069,2.230697595,-0.277119078,-93.1142329,-6.405828247,161.6527817,0.051527991,0.003356052,-0.065920211,425.7206706,425.6519273,0.022711509,92.54701861,0.006283879,13.59205484,13.6070007,-7.25577E-06,95.32884035,0,0,1,0,53939.53032,1499.999677,1273.859733,0.849240005,0.174300012,9,0.5,0: Broadleaf,2,TRUE,1786212702,419.740871,419.867871,13.60566774,13.59772581,422.666871,13.51866774,375.1417097,101.9012258,0.100028855,26.63515484,27.18621935,999.9,0,0,9998.344839,695.8747419,0.218638,-0.169775206,425.4873548,425.6557097,0.008567383,419.867871,13.59772581,1.386497742,1.385625806,11.77076452,11.76122258,1499.999677,0.691999839,0.308000161,29,28282.5129,1786212725,14:12:04,1786212723,1786212725,35,0.043,0,-2.926,0.087,420,14,0.32,0.15,-0.19979781,0.451339842,0.049097351,0,0.004262903,0.086251373,0.009345615,1,1,2,1/2,2.63843,2.71254,0.0994746,0.098695,0.0795578,0.079963,25413.2,25149.2,25664.9,25645.4,32643.3,32151.3,39421.9,38577.2,1.729,2.18823,0.0885315,0,25.7289,999.9,55.4,27.7,20.2719,62.6027,22.6202,1,-0.0509146,0,20.3793,5.22208,11.979,4.9695,3.29598,9112.5,9999,9999,251.2,4.97016,1.87531,1.87134,1.87442,1.87439,1.87248,1.87378,1.875,0,0,0,0,11111111,oooooooo,on,on,on,on,0,100,100,-2.926,0.087,-1.909747161,-0.002774575,7.27494E-07,-2.16226E-10,-0.049455387,-0.001584374,0.000939206,-5.31953E-06,23,2146,2,22,1.7,1.7,0.15625,4.99756,1.49902,2.28271,1.4978,2.29248,31.477,24.2101,3,352.831,680.693,26.4789,26.6597,30.0001,26.5527,26.5918,-1,40,10,-999.9,400,20,101.334,107.825
34,1786212830,3960.9,20260808 14:13:50,14:13:50,15,1786212822,3.06765E-06,0.003067645,-0.006787355,419.3785161,482.5452958,49.21859984,42.77572188,0.000136884,3.136206124,0.000136881,8.55507E-05,261.4500816,28.1064712,27.20420645,3.622311898,39.69467754,1.392622866,3.508336513,2.229689032,-0.135283165,-91.98996296,-6.325816325,162.9990191,-0.040179246,0.00273319,-0.006787355,425.1428091,425.1558667,0.000342231,92.54696214,0.003067645,13.64915883,13.65635524,6.04029E-06,95.32875142,0,0,1,0,53982.08439,1500.000323,1273.860246,0.849239982,0.174300017,9,0.5,0: Broadleaf,2,TRUE,1786212822,419.3785161,419.284871,13.65344839,13.64698065,422.2635161,13.56544839,375.1363548,101.8979032,0.099982306,26.66014194,27.20420645,999.9,0,0,10007.78,695.8473226,0.218638,0.053558357,425.143129,425.0859032,0.006762473,419.284871,13.64698065,1.391288387,1.390599032,11.82301935,11.81550968,1500.000323,0.691999677,0.30800029,29,28282.53226,1786212848,14:14:08,1786212848,1786212846,36,0.04,0,-2.885,0.088,420,14,0.21,0.17,0.082929225,-0.750515407,0.075427972,0,0.005611324,0.00772324,0.004868482,1,1,2,1/2,2.63821,2.71264,0.0993704,0.0985999,0.079763,0.0801939,25415.3,25151.1,25664.1,25644.7,32634.5,32142.4,39420.3,38576.3,1.72862,2.1878,0.0873581,0,25.7796,999.9,55.3,27.7,20.2362,62.2927,23.2893,1,-0.0503532,0,20.3813,5.22238,11.9796,4.9697,3.296,9112.5,9999,9999,251.3,4.97008,1.87531,1.87134,1.87442,1.8744,1.87253,1.87378,1.875,0,0,0,0,11111111,oooooooo,on,on,on,on,0,100,100,-2.885,0.088,-1.866966511,-0.002774575,7.27494E-07,-2.16226E-10,-0.04975478,-0.001584374,0.000939206,-5.31953E-06,23,2146,2,22,1.8,1.8,0.15625,4.99756,1.49902,2.28271,1.49902,2.37183,31.477,24.2101,3,352.704,680.431,26.4997,26.6687,30.0001,26.5617,26.6008,-1,40,10,-999.9,400,20,101.331,107.822
35,1786212950,4080.9,20260808 14:15:50,14:15:50,15,1786212942,7.36654E-06,0.007366537,-0.080279532,418.8737097,788.1868081,80.38992749,42.72239373,0.000328555,3.134217048,0.000328536,0.000205337,261.4498911,28.12763994,27.22776452,3.627319202,39.76127251,1.396716362,3.512755689,2.23060284,-0.32486427,-92.29954289,-6.352560622,162.4729233,-0.092938743,0.0086755,-0.080279532,424.4090042,424.6173515,-0.001296345,92.5454364,0.007366537,13.6720762,13.68964545,-1.32462E-05,95.31374295,0,0,1,0,53931.16948,1500,1273.859919,0.849239946,0.174299927,9,0.5,0: Broadleaf,2,TRUE,1786212942,418.8737097,418.6594516,13.69417097,13.67364194,421.7507097,13.60417097,375.1285806,101.8935161,0.099979152,26.68152258,27.22776452,999.9,0,0,9999.130645,695.9201613,0.218638,0.207974323,424.6826774,424.4634194,0.019669522,418.6594516,13.67364194,1.395259355,1.393254194,11.86620645,11.84441613,1500,0.692000871,0.307999097,29,28282.54194,1786212974,14:16:13,1786212974,1786212967,37,0.005,0.001,-2.877,0.09,418,14,0.41,0.09,0.2229164,-0.199984976,0.03210176,0,0.016979521,0.02365789,0.007538881,1,1,2,1/2,2.6383,2.71268,0.099262,0.0984546,0.0799003,0.0803065,25417.9,25154.4,25663.6,25644,32629,32137.8,39419.6,38575.6,1.72855,2.18778,0.0879914,0,25.79,999.9,55.3,27.8,20.3567,62.3827,23.2452,1,-0.0500229,0,20.3802,5.22088,11.979,4.96975,3.296,9112.5,9999,9999,251.3,4.97008,1.87531,1.87134,1.8744,1.8744,1.87245,1.87378,1.875,0,0,0,0,11111111,oooooooo,on,on,on,on,0,100,100,-2.877,0.09,-1.826456049,-0.002774575,7.27494E-07,-2.16226E-10,-0.049731027,-0.001584374,0.000939206,-5.31953E-06,23,2146,2,22,1.7,1.7,0.15625,4.99756,1.49902,2.28271,1.49902,2.31812,31.477,24.2101,3,352.694,680.465,26.5155,26.6755,30,26.5662,26.6052,-1,40,10,-999.9,400,20,101.329,107.82
36,1786213070,4200.9,20260808 14:17:50,14:17:50,15,1786213062,4.56117E-06,0.004561168,0.030909466,418.3572,164.7850397,16.8063725,42.6681145,0.000203432,3.134009704,0.000203424,0.000127141,261.4498462,28.1450097,27.24172667,3.630289729,39.81225883,1.399875591,3.516192328,2.230414139,-0.201147507,-91.84592704,-6.322725026,163.0800466,-0.14640702,0.008241326,0.030909466,423.7294878,424.0271758,-0.036981798,92.54553899,0.004561168,13.71242339,13.72322238,-6.4257E-07,95.31411986,0,0,1,0,53923.20149,1499.998667,1273.858782,0.849239943,0.174300052,9,0.5,0: Broadleaf,2,TRUE,1786213062,418.3572,418.0142333,13.72566,13.70616,421.2882,13.63366,375.1480667,101.8896667,0.100007457,26.69813333,27.24172667,999.9,0,0,9998.562,695.9616667,0.218638,0.3969136,424.2334,423.8233667,0.017944562,418.0142333,13.70616,1.398343667,1.396514667,11.89968333,11.87985,1499.998667,0.691999,0.3080009,29,28282.48,1786213088,14:18:08,1786213088,1786213085,38,-0.054,0.001,-2.931,0.092,418,14,0.47,0.12,0.41444878,-0.279978669,0.044220055,0,0.019062509,-0.056319853,0.00785823,1,1,2,1/2,2.63802,2.71252,0.0991515,0.0983287,0.0800385,0.0804468,25421.4,25158.2,25664,25644.2,32624.4,32132.8,39420.1,38575.5,1.7283,2.18773,0.0897795,0,25.7858,999.9,55.2,27.8,20.32,63.1027,22.6122,1,-0.0508613,0,20.3802,5.22208,11.979,4.96955,3.29598,9112.5,9999,9999,251.3,4.97013,1.87531,1.87135,1.87442,1.87439,1.87253,1.87378,1.875,0,0,0,0,11111111,oooooooo,on,on,on,on,0,100,100,-2.931,0.092,-1.821025681,-0.002774575,7.27494E-07,-2.16226E-10,-0.04904825,-0.001584374,0.000939206,-5.31953E-06,23,2146,2,22,1.6,1.7,0.15625,4.99756,1.4978,2.28149,1.49902,2.39624,31.477,24.2188,3,352.576,680.421,26.5327,26.6732,30.0001,26.5662,26.6052,-1,40,10,-999.9,400,20,101.33,107.82
37,1786213190,4320.9,20260808 14:19:50,14:19:50,15,1786213182,5.34141E-06,0.005341408,0.018027184,420.3330645,286.6449542,29.23400187,42.86842455,0.000238358,3.133172315,0.000238348,0.000148968,261.4498275,28.16414596,27.26483548,3.635210928,39.9464435,1.406164072,3.520123318,2.229046856,-0.235556091,-92.5183357,-6.372057308,162.3238784,-0.088566989,0.004864452,0.018027184,425.8190314,426.0782182,-0.030030683,92.62768408,0.005341408,13.77569535,13.7883035,2.85353E-06,96.62571075,0,0,1,0,53899.95443,1499.999677,1273.859604,0.849239919,0.174299923,9,0.5,0: Broadleaf,2,TRUE,1786213182,420.3330645,420.1254839,13.78770645,13.77619677,423.2440645,13.69570645,375.1316452,101.8868065,0.099994426,26.71711613,27.26483548,999.9,0,0,9995.020645,695.9552581,0.218638,0.182787416,426.1846129,425.9941935,0.012075175,420.1254839,13.77619677,1.404842903,1.403613226,11.97000645,11.95672258,1499.999677,0.692000839,0.307999097,29,28282.52581,1786213206,14:20:06,1786213205,1786213206,39,0.023,-0.001,-2.911,0.092,419,14,0.28,0.12,0.129015607,1.654232111,0.170073664,0,0.011295502,0.013836945,0.00160803,1,1,2,1/2,2.63794,2.71245,0.0995119,0.0986594,0.0803079,0.0807031,25409.3,25146.8,25662.1,25642,32612.2,32121.1,39417,38572.3,1.72815,2.1872,0.0876933,0,25.825,999.9,55.2,27.8,20.3203,62.4127,22.6282,1,-0.0495224,0,20.3791,5.22238,11.9787,4.96955,3.29593,9112.5,9999,9999,251.4,4.97015,1.87531,1.87136,1.87442,1.87439,1.87249,1.87378,1.875,0,0,0,0,11111111,oooooooo,on,on,on,on,0,100,100,-2.911,0.092,-1.875400562,-0.002774575,7.27494E-07,-2.16226E-10,-0.048235032,-0.001584374,0.000939206,-5.31953E-06,23,2146,2,22,1.7,1.8,0.15625,4.99756,1.4978,2.28149,1.49902,2.39136,31.4988,24.2188,3,352.555,680.072,26.5505,26.6823,30,26.5751,26.6141,-1,40,10,-999.9,400,20,101.322,107.811