obs,time,elapsed,date,hhmmss,averaging,kam,TIME,E,Emm,A,Ca,Ci,Pci,Pca,gsw,gbw,gtw,gtc,Rabs,TleafEB,TleafCnd,SVPleaf,RHcham,VPcham,SVPcham,VPDleaf,LatHFlux,SenHFlux,NetTherm,EBSum,Asty,Esty,Adyn,Crd,Csd,dCsd/dt,αVc,Edyn,Hr,Hs,dHs/dt,αVh,Leak,LeakPct,CorrFact,CorrFactPct,Fan,Qin,Qabs,alpha,convert,S,K,Geometry,Custom,UseDynamic,TIME,CO2_s,CO2_r,H2O_s,H2O_r,CO2_a,H2O_a,Flow,Pa,ΔPcham,Tair,Tleaf,Tleaf2,Offset,Offset2,Fan_speed,Qamb_in,Qamb_out,ΔCO2,CO2_s_d,CO2_r_d,ΔH2O,CO2_b,H2O_b,e_s,e_r,Td_s,Td_r,Q,f_red,f_blue,f_farred,F,Q_modavg,F_dc,Pc,Tled,TDigital,TPreamp,TPwrSpy,TDrive,Q_red,Q_blue,Q_farred,TSPF,state,time,hhmmss,co2_t,h2o_t,count,co2_adj,h2o_adj,co2_match,h2o_match,co2_at,h2o_at,co2_cv,h2o_cv,ΔCO2:MN,ΔCO2:SLP,ΔCO2:SD,ΔCO2:OK,ΔH2O:MN,ΔH2O:SLP,ΔH2O:SD,ΔH2O:OK,Stable,Total,State,Vflow,VPchamber,abs_c_a,abs_c_b,abs_h_a,abs_h_b,Wc_s,Wc_r,Wco_s,Wco_r,Ww_s,Ww_r,Wwo_s,Wwo_r,Flow_s_v,Flow_r_v,Tleaf_mv,Tleaf2_mv,Tleaf_j,Tleaf2_j,Console_RH,Console_T,Console_H2O,Fan_%,Flow_%,Pump,Tchp_pwm,Txchg_pwm,diag_20v,diag_5_4v,diag_12v,diag_5va,diag_3_3vf,AccH2O_des,AccH2O_hum,AccCO2_soda,CO2_hrs,ADC_CH1,ADC_CH2,ADC_CH3,ADC_CH4,ADC_CH5,ADC_CH6,ADC_CH7,ADC_CH8,DAC_1,DAC_2,DAC_3,DAC_4,GPIO,GPIO_dir,excit_5v,power_12v,power_5v,ch1_pullup,AuxPower,MatchValveR,MatchValveS,MatchCO2,MatchH2O,cf_co2_a,cf_co2_b,cf_co2_c,cf_co2_d,cf_h2o_a,cf_h2o_b,cf_h2o_c,cf_h2o_d,co2_fit_low,co2_fit_high,h2o_fit_low,h2o_fit_high,co2_elapsed,h2o_elapsed,CO2_f,CO2_f_s,Pump_f,Pump_f_s,Pump_p,Pump_p_s,Tboard,V_system,DIAG,Flow_s,Flow_r,Txchg,Tirga,Tchopper,Ts,Tr,CO2_%,Desiccant_%,Humidifier_%,Txchg_sp,CO2_r_sp,H2O_r_sp,SS_s,SS_r
1,1785426077,0,20260730 23:41:17,23:41:17,15,,1785426069,0.001228479,1.228478949,2.88726166,385.1749534,243.2326851,24.60812577,38.96858555,0.037369851,1.384947305,0.036818577,0.023060463,287.427625,33.03174807,31.27034375,4.581386831,30.01201021,1.303921354,4.34466517,3.277465476,-54.17592163,-69.37431077,-11.2270519,152.6503407,2.72333043,1.341188798,2.88726166,394.3480978,390.1816909,0.003155476,60.85453492,1.228478949,11.12361159,12.85097879,-0.000645006,69.65,66,16,1.005202327,0.520232719,25505.25992,1499.9875,1261.2045,0.840810007,0.191620014,6,0.5,0: Broadleaf,2,TRUE,1785426069,385.242875,389.8265625,12.888275,11.0170125,398.4494375,14.06635625,422.2695625,101.0710625,0.100068188,30.34120625,31.27034375,999.9,0,0,4998.828125,0,52.79303125,-4.58359,390.2728125,394.169,1.871265,389.8265625,11.0170125,1.30263,1.11350125,10.82915,8.492273125,1499.9875,0.972999,0.027001,0,1.981025,0,20428.075,12843.78125,41.675375,43.460625,42.5,42.35925,41.5738125,1459.4875,40.5,0,1785426074,0,1785426033,23:40:33,1785426030,1785426033,1,0.085,-0.146,-13.206,-1.178,388,11,0.33,0.11,-4.674221905,0.098304935,0.567402672,1,1.869762857,-0.349605974,0.106852187,0,1,2,1/2,2.99812,2.75935,0.0910423,0.0903709,0.0741929,0.0625645,32302.9,23249.3,33642.1,25837.5,39854.1,32804.6,49124.9,40345.6,1.7133,2.69263,0.187859,0,28.2081,999.9,57.008,26.969,20.15,29.21,-100,3,0.144728,0,20.2436,5.20366,11.9551,4.9695,3.294,9999,9999,7164.9,135.8,4.97354,1.87286,1.87059,1.87226,1.87274,1.87378,1.87321,1.87775,0,0,0,0,11111111,oooooooo,on,on,on,on,0,100,100,-13.207,-1.1781,-13.2064,0,0,0,-1.178090909,0,0,0,-1,-1,-1,-1,0.8,0.7,0.158691,4.99756,2.64526,2.75635,2.8479,2.19604,31.7611,16.0058,2,342.109,1253.86,28.3374,29.2337,30.0011,29.01,28.8754,-1,40,10,-999.9,400,20,102.101,94.7119
2,1785426203,126,20260730 23:43:23,23:43:23,15,,1785426195,0.001117079,1.117079221,2.804872512,383.5790054,227.1958033,22.98697954,38.80935572,0.032547454,1.384213202,0.032128198,0.020117342,287.4264533,33.49542636,31.70248,4.69525877,28.81195856,1.281294164,4.447091515,3.413964606,-49.26319366,-71.19043234,-11.57491326,155.3979141,3.871918783,1.080281214,2.804872512,394.6135185,389.7031212,0.155501538,60.85453492,1.117079221,11.27953715,12.74791697,0.01420005,69.65,60,14,1.00473756,0.473756046,25449.49203,1499.981333,1261.19932,0.84081001,0.19162002,6,0.5,0: Broadleaf,2,TRUE,1785426195,383.6451333,389.6893333,12.66389333,11.16066,396.8514667,13.84199333,423.6894667,101.0769333,0.100021547,30.74851333,31.70248,999.9,0,0,4994.916667,0,457.8603333,-6.044285333,388.5658667,394.0877333,1.503234667,389.6893333,11.16066,1.280027333,1.128086,10.5663,8.684251333,1499.981333,0.972998,0.02700202,0,1.97366,0,19787.2,12843.72667,41.812,43.625,42.68286667,42.4832,41.75,1459.481333,40.5,0,1785426200,0,1785426033,23:40:33,1785426030,1785426033,1,0.085,-0.146,-13.206,-1.178,388,11,0.33,0.11,-5.804179,-2.546945865,0.873378488,0,1.5350145,-0.724209474,0.094403815,0,0,2,0/2,2.9987,2.75932,0.0909075,0.0902807,0.073698,0.0628376,32283.5,23237.3,33618.8,25823.3,39849.7,32773.3,49094.4,40325.7,1.72283,2.68867,0.198446,0,28.5055,999.9,56.416,27.251,20.2727,28.82,-100,3,0.170005,0,20.2433,5.20456,11.9557,4.9694,3.294,9999,9999,7164.9,135.8,4.97355,1.87286,1.87062,1.87226,1.87281,1.87378,1.87318,1.87775,0,0,0,0,11111111,oooooooo,on,on,on,on,0,100,100,-13.207,-1.1781,-13.2064,0,0,0,-1.178090909,0,0,0,-1,-1,-1,-1,2.9,2.8,0.158691,4.99756,2.64526,2.75635,2.8479,2.21313,32.0464,15.962,2,348.88,1256.78,28.6577,29.5936,30.0009,29.3937,29.2671,-1,40,10,-999.9,400,20,102.034,94.6629
3,1785426323,246,20260730 23:45:23,23:45:23,15,,1785426315,0.000938953,0.938953232,2.690050041,383.2975535,201.4893726,20.38483664,38.77851181,0.026325268,1.386887811,0.026050784,0.016306163,287.4282267,33.99261623,32.15539333,4.817242896,28.12654731,1.280619037,4.553061644,3.536623859,-41.40783754,-74.32077782,-12.1121359,159.5874754,2.894204953,0.962305954,2.690050041,393.1502282,388.6585091,0.115094408,60.86138508,0.938953232,11.36775817,12.67281152,0.000217944,69.65,57,13,1.004491934,0.449193442,25492.82109,1499.990667,1261.20716,0.840810005,0.19162001,6,0.5,0: Broadleaf,2,TRUE,1785426315,383.3608667,387.9412667,12.65799333,11.32506667,396.5672,13.83609333,425.7496667,101.0708,0.0999783,31.1614,32.15539333,999.9,0,0,5008.416667,0,52.11138667,-4.580484667,388.2757333,392.3850667,1.332917333,387.9412667,11.32506667,1.279354,1.144634,10.55846667,8.900226667,1499.990667,0.972998333,0.02700168,0,1.95634,0,19278.50667,12843.8,42.062,43.8582,42.8998,42.6912,42.02066667,1459.490667,40.5,0,1785426320,0,1785426033,23:40:33,1785426030,1785426033,1,0.085,-0.146,-13.206,-1.178,388,11,0.33,0.11,-4.197621,-10.62216902,1.053449199,0,1.3596315,-0.551164962,0.055078933,0,0,2,0/2,3.00003,2.75941,0.0906786,0.0902058,0.0733115,0.0640825,32273.7,23228.2,33601.4,25812.2,39847,32712.5,49071.6,40310.7,1.72733,2.67935,0.203729,0,28.8841,999.9,56.574,27.513,20.6476,29.15,-100,3,0.189774,0,20.2433,5.20276,11.9559,4.96955,3.294,9999,9999,7164.9,135.8,4.97352,1.87286,1.87065,1.87225,1.87283,1.87378,1.87318,1.87775,0,0,0,0,11111111,oooooooo,on,on,on,on,0,100,100,-13.207,-1.1781,-13.2064,0,0,0,-1.178090909,0,0,0,-1,-1,-1,-1,4.9,4.8,0.157471,4.99756,2.64526,2.75513,2.8479,2.27295,32.3107,15.9883,2,352.802,1250.04,28.995,29.8652,30.0009,29.6922,29.5783,-1,40,10,-999.9,400,20,101.985,94.6258
4,1785426443,366,20260730 23:47:23,23:47:23,15,,1785426435,0.000820222,0.820221541,2.692090601,382.6914426,170.7092637,17.26899031,38.71315868,0.022200255,1.385228586,0.022004476,0.013770243,287.4339267,34.42517891,32.57744667,4.933389223,27.49182473,1.278392317,4.650081725,3.654996906,-36.17176994,-78.06396549,-12.7871926,160.4109986,3.745147033,0.804784406,2.692090601,394.6652203,389.1582424,0.297679755,60.86138508,0.820221541,11.72754717,12.74051455,0.018832866,69.65,56,13,1.004426511,0.4426511,25414.09458,1500.020667,1261.23236,0.840809989,0.191619978,6,0.5,0: Broadleaf,2,TRUE,1785426435,382.755,388.4141333,12.6373,11.52828,395.9612667,13.81537333,427.9818667,101.0602667,0.09997464,31.53214,32.57744667,999.9,0,0,5000.75,0,56.63574667,-5.659218,387.6539333,392.9445333,1.1090078,388.4141333,11.52828,1.277126667,1.16505,10.53223333,9.160686667,1500.020667,0.972999,0.027001,0,1.959066667,0,18874.38667,12844.08,42.3162,44.1746,43.17873333,42.958,42.312,1459.520667,40.5,0,1785426440,0,1785426033,23:40:33,1785426030,1785426033,1,0.085,-0.146,-13.206,-1.178,388,11,0.33,0.11,-5.0412365,-15.83698421,1.600620582,0,1.16098885,-1.496725218,0.15347797,0,0,2,0/2,3.00212,2.75946,0.0907194,0.0903664,0.0735973,0.0655465,32255,23213.3,33584.8,25801.5,39814.6,32644.2,49050.3,40296,1.73177,2.67467,0.200145,0,29.3516,999.9,56.635,27.785,21.0019,29.06,-100,3,0.2094,0,20.2432,5.20381,11.956,4.9695,3.294,9999,9999,7164.9,135.9,4.97357,1.87287,1.87069,1.87229,1.87285,1.87378,1.87321,1.87775,0,0,0,0,11111111,oooooooo,on,on,on,on,0,100,100,-13.206,-1.1781,-13.2064,0,0,0,-1.178090909,0,0,0,-1,-1,-1,-1,6.9,6.8,0.157471,4.99756,2.64526,2.75513,2.8479,2.26074,32.5761,15.9795,2,356.616,1249.45,29.3377,30.1291,30.001,29.9703,29.8627,-1,40,10,-999.9,400,20,101.938,94.5892
5,1785426563,486,20260730 23:49:23,23:49:23,15,,1785426555,0.000993936,0.993936315,2.503428997,384.8544635,212.7534711,21.52173473,38.93114237,0.026269773,1.385628712,0.025996194,0.016271964,287.4272133,34.64590106,32.89641333,5.022776347,26.95028818,1.275510447,4.732826745,3.7472659,-43.83259148,-78.68861266,-12.9257416,151.9802676,2.91607922,0.911859556,2.503428997,393.1505008,389.978303,-0.063593285,60.86138508,0.993936315,11.29295121,12.64970242,0.001793472,69.65,54,13,1.00427015,0.427015041,25399.84915,1499.985333,1261.20268,0.840810008,0.191620016,6,0.5,0: Broadleaf,2,TRUE,1785426555,384.9136,389.4516,12.60908,11.35910667,398.1198,13.78718,430.3218,101.0580667,0.100023107,31.84304667,32.89641333,999.9,0,0,5002.833333,0,96.97744667,-4.538186,389.8288667,393.9262667,1.249976667,389.4516,11.35910667,1.274250667,1.14793,10.49843333,8.942729333,1499.985333,0.972998667,0.02700134,0,1.97584,0,18572.26667,12843.74667,42.562,44.43286667,43.3998,43.187,42.562,1459.485333,40.5,0,1785426560,0,1785426033,23:40:33,1785426030,1785426033,1,0.085,-0.146,-13.206,-1.178,388,11,0.33,0.11,-4.708191,7.90168782,1.082167935,0,1.2618785,0.308382406,0.093592813,0,0,2,0/2,3.00539,2.75949,0.0907326,0.0898843,0.0730844,0.0636443,32236.7,23215.1,33567.5,25791,39817.8,32697.2,49027.7,40281.4,1.7389,2.6689,0.199329,0,29.681,999.9,55.079,28.067,20.7628,28.97,-100,3,0.228773,0,20.2435,5.20516,11.9557,4.9695,3.294,9999,9999,7164.9,135.9,4.9736,1.8729,1.87071,1.87227,1.87281,1.87378,1.87324,1.87775,0,0,0,0,11111111,oooooooo,on,on,on,on,0,100,100,-13.207,-1.1781,-13.2064,0,0,0,-1.178090909,0,0,0,-1,-1,-1,-1,8.9,8.8,0.157471,4.99756,2.64526,2.75513,2.8479,2.27051,32.8202,15.9708,2,361.696,1246.76,29.6574,30.3804,30.0009,30.2314,30.1251,-1,40,10,-999.9,400,20,101.889,94.5534
6,1785426683,606,20260730 23:51:23,23:51:23,15,,1785426675,0.000994697,0.994696994,2.542583223,385.2575779,207.5536438,20.99538441,38.97127894,0.025773311,1.385265738,0.02550985,0.015967103,287.4305067,34.99638069,33.21548667,5.113600015,26.8058751,1.294169663,4.827932901,3.819430352,-43.86613745,-76.24181595,-12.56841124,154.754142,2.734757875,1.003989852,2.542583223,394.6455039,390.6282,0.081028178,60.86003342,0.994696994,11.54391306,12.84137273,0.009866519,69.65,53,12,1.004197329,0.419732896,25360.15592,1500.002667,1261.21724,0.840809999,0.191619997,6,0.5,0: Broadleaf,2,TRUE,1785426675,385.3177333,389.6274667,12.79374667,11.42614667,398.5240667,13.97183333,432.9988,101.0564,0.10002408,32.19460667,33.21548667,999.9,0,0,5001.124667,0,65.39756,-4.309641333,390.3112667,394.1308667,1.367600667,389.6274667,11.42614667,1.29289,1.154685333,10.71644,9.029194667,1500.002667,0.973,0.026999953,0,2.025266667,0,18318.3,12843.91333,42.812,44.7122,43.67046667,43.4874,42.812,1459.502667,40.5,0,1785426680,0,1785426033,23:40:33,1785426030,1785426033,1,0.085,-0.146,-13.206,-1.178,388,11,0.33,0.11,-4.0954165,-5.365477444,0.778062175,0,1.4124825,-1.143161955,0.117872292,0,0,2,0/2,3.00781,2.7594,0.0907827,0.0900968,0.0738986,0.0646046,32220.3,23201.2,33553.3,25782.7,39763.9,32650.4,49009.3,40269.9,1.74378,2.66332,0.19832,0,29.9985,999.9,54.767,28.329,20.9654,28.97,-100,3,0.244898,0,20.2437,5.20426,11.956,4.9695,3.294,9999,9999,7164.9,135.9,4.97354,1.87288,1.87071,1.87227,1.87282,1.87378,1.87329,1.87775,0,0,0,0,11111111,oooooooo,on,on,on,on,0,100,100,-13.206,-1.1781,-13.2064,0,0,0,-1.178090909,0,0,0,-1,-1,-1,-1,10.9,10.8,0.157471,4.99756,2.64526,2.75513,2.8479,2.2229,33.0875,15.9533,2,365.52,1243.75,29.9685,30.604,30.0008,30.4624,30.3604,-1,40,10,-999.9,400,20,101.848,94.525
7,1785426803,726,20260730 23:53:23,23:53:23,15,,1785426795,0.001190401,1.19040099,2.053842045,389.7347173,259.2881707,26.22585889,39.41995377,0.030240388,1.38460784,0.029878208,0.018706059,287.4301267,35.24085762,33.58284,5.219932936,26.82333046,1.320401254,4.922585048,3.899531681,-52.49668367,-77.9528437,-12.90150383,144.0790955,-1.057804022,1.322149737,2.053842045,390.4150813,391.1178182,-0.641100527,60.86003342,1.19040099,10.96255785,12.82867152,-0.037795346,69.65,52,12,1.004125507,0.412550677,25313.02419,1500.000667,1261.21556,0.84081,0.191619999,6,0.5,0: Broadleaf,2,TRUE,1785426795,389.7834,389.0393333,13.05446,11.25763333,402.9898,14.23256,433.9175333,101.0455333,0.100071653,32.53855333,33.58284,999.9,0,0,4998.416,0,65.79278667,0.744060533,394.9392667,393.4698,1.796827333,389.0393333,11.25763333,1.319096,1.137535333,11.01767333,8.803378,1500.000667,0.973001,0.026998913,0,1.88768,0,18087.70667,12843.89333,43.13326667,45.0662,44.00413333,43.8498,43.1622,1459.500667,40.5,0,1785426800,0,1785426033,23:40:33,1785426030,1785426033,1,0.085,-0.146,-13.206,-1.178,388,11,0.33,0.11,-0.8435876,28.29184349,3.099380554,0,1.6496515,3.083715338,0.319117611,0,0,2,0/2,3.0097,2.75951,0.0906997,0.0890784,0.0736016,0.0616382,32201.6,23214.9,33532.2,25770.4,39752.4,32738.1,48981.2,40252.1,1.74702,2.65873,0.199288,0,30.3596,999.9,53.614,28.611,20.8626,29.09,-100,3,0.267673,0,20.2437,5.20411,11.956,4.9694,3.294,9999,9999,7164.9,136,4.97357,1.87288,1.87071,1.87226,1.87285,1.87378,1.87326,1.87775,0,0,0,0,11111111,oooooooo,on,on,on,on,0,100,100,-13.207,-1.1781,-13.2064,0,0,0,-1.178090909,0,0,0,-1,-1,-1,-1,12.9,12.8,0.157471,4.99756,2.64526,2.75391,2.8479,2.23755,33.3335,15.9182,2,368.766,1242.76,30.293,30.8794,30.0008,30.729,30.6249,-1,40,10,-999.9,400,20,101.788,94.4819
8,1785426923,846,20260730 23:55:23,23:55:23,15,,1785426915,0.000805693,0.805692586,2.676327374,394.5361536,163.1193522,16.49990361,39.9082538,0.020196228,1.384802478,0.020034011,0.012535723,287.4414,35.54255907,33.65000667,5.239581343,26.31397003,1.303177246,4.952415941,3.936404097,-35.53104306,-74.97451658,-12.41743804,164.5184023,6.323455293,0.621802274,2.676327374,410.7825055,403.7788788,0.591296208,60.85743361,0.805692586,12.14336939,13.06994424,0.026309911,69.65,51,12,1.004046415,0.404641458,25309.50112,1500.06,1261.2654,0.840809968,0.191619935,6,0.5,0: Broadleaf,2,TRUE,1785426915,394.5996,403.5980667,12.88331333,12.04266667,407.8060667,14.06141333,436.2966,101.0523333,0.100003227,32.64576,33.65000667,999.9,0,0,4999.04,0,67.54773333,-8.998509333,399.7500667,408.518,0.8406566,403.5980667,12.04266667,1.30189,1.21694,10.82014,9.809736,1500.06,0.973001667,0.02699822,0,2.02902,0,17862.28,12844.39333,43.375,45.2872,44.25,44.0956,43.40806667,1459.56,40.5,0,1785426920,0,1785426033,23:40:33,1785426030,1785426033,1,0.085,-0.146,-13.206,-1.178,388,11,0.33,0.11,-8.6172925,-7.533675338,0.85835154,0,0.88568355,-0.554791353,0.095457416,0,0,2,0/2,3.01121,2.75943,0.0930142,0.0931949,0.0748093,0.0667905,32105.3,23099.7,33518.3,25759.8,39681.7,32540,48963,40238,1.74848,2.65233,0.202253,0,30.3576,999.9,54.902,28.873,21.6872,29.06,-100,3,0.284144,0,20.2436,5.20291,11.956,4.9689,3.294,9999,9999,7164.9,136,4.97356,1.87286,1.87073,1.87225,1.87284,1.87378,1.87329,1.87775,0,0,0,0,11111111,oooooooo,on,on,on,on,0,100,100,-13.207,-1.1781,-13.2064,0,0,0,-1.178090909,0,0,0,-1,-1,-1,-1,14.9,14.8,0.157471,4.99756,2.64526,2.75391,2.8479,2.20947,33.5804,15.9182,2,370.908,1238.4,30.5438,31.1071,30.0005,30.9617,30.8549,-1,40,10,-999.9,400,20,101.748,94.4466
9,1785427043,966,20260730 23:57:23,23:57:23,15,,1785427035,0.000778448,0.77844839,2.137243048,393.7093672,193.3932395,19.56174514,39.8237411,0.019019575,1.384923642,0.018875648,0.01181012,287.4248067,35.79692755,33.91196,5.316827096,25.52360079,1.281365396,5.02031593,4.0354617,-34.32957399,-76.47535211,-12.69619655,163.923684,7.083613484,0.572240935,2.137243048,409.7917839,403.7783273,0.551935286,60.85743361,0.77844839,11.97157301,12.86222909,0.025764351,69.65,51,12,1.004049054,0.404905419,25293.06813,1499.972667,1261.19204,0.840810015,0.19162003,6,0.5,0: Broadleaf,2,TRUE,1785427035,393.7600667,403.7412,12.66796,11.89654,406.9664,13.84605333,437.6480667,101.0500667,0.100031413,32.8877,33.91196,999.9,0,0,4999.75,0,32.36565333,-9.981222667,398.8126,408.6023333,0.771402133,403.7412,11.89654,1.280097333,1.202146667,10.56644667,9.627814667,1499.972667,0.973000667,0.026999253,0,1.97446,0,17659.65333,12843.65333,43.562,45.437,44.4496,44.2332,43.5872,1459.472667,40.5,0,1785427040,0,1785426033,23:40:33,1785426030,1785426033,1,0.085,-0.146,-13.206,-1.178,388,11,0.33,0.11,-9.840951,10.72067368,2.513408715,0,0.80673105,-0.195568827,0.090886919,0,0,2,0/2,3.01225,2.75947,0.0929247,0.0924872,0.0738785,0.0660768,32097.6,23112,33507.8,25754.3,39711.4,32557.3,48949.3,40230.9,1.75015,2.6495,0.215482,0,30.4378,999.9,53.846,29.124,21.5851,29.27,-100,3,0.296463,0,20.244,5.20441,11.956,4.96915,3.294,9999,9999,7164.9,136,4.97361,1.87293,1.87073,1.8723,1.87283,1.87378,1.87328,1.87775,0,0,0,0,11111111,oooooooo,on,on,on,on,0,100,100,-13.207,-1.1781,-13.2064,0,0,0,-1.178090909,0,0,0,-1,-1,-1,-1,16.9,16.8,0.157471,4.99756,2.64526,2.75391,2.8479,2.27173,33.7832,15.9358,2,372.864,1238.27,30.7622,31.2786,30.0005,31.1433,31.0408,-1,40,10,-999.9,400,20,101.718,94.4286
10,1785427163,1086,20260730 23:59:23,23:59:23,15,,1785427155,0.000946978,0.946978311,1.915289227,387.7479756,231.4580303,23.41327593,39.22287912,0.022785896,1.384642272,0.022579616,0.014130637,287.4305944,35.99212516,34.26111333,5.421325328,25.88655989,1.320277496,5.100243146,4.101047832,-41.76174351,-81.53444265,-13.58066775,150.5537405,2.241490931,0.779479459,1.915289227,394.953201,392.8705152,-0.105227538,60.85743361,0.946978311,11.68396404,13.03489152,-0.010439656,69.65,50,11,1.003974325,0.397432453,25261.5084,1500.003333,1261.217781,0.840809985,0.19161997,6,0.5,0: Broadleaf,2,TRUE,1785427155,387.7934667,391.2781333,13.05194667,11.99864,400.9998667,14.23004,436.4655333,101.0556667,0.09993334,33.16887333,34.26111333,999.9,0,0,4998.084667,0,79.68694667,-3.484608667,392.922,396.0300667,1.0532982,391.2781333,11.99864,1.318974,1.212532667,11.01671333,9.753302,1500.003333,0.973003,0.026996827,0,2.08778,0,17470.28,12843.92667,43.8288,45.75826667,44.7164,44.4748,43.812,1459.503333,40.49933333,0,1785427160,0,1785426033,23:40:33,1785426030,1785426033,1,0.085,-0.146,-13.206,-1.178,388,11,0.33,0.11,-3.928344286,9.086145195,1.191269307,0,0.983534619,1.556217584,0.241756145,0,0,2,0/2,3.01105,2.75961,0.090967,0.089881,0.0744165,0.0642784,32157.9,23173.3,33499.2,25749.4,39676.7,32613.7,48938.4,40224.3,1.74717,2.648,0.217173,0,30.7606,999.9,53.229,29.306,21.562,28.85,-100,3,0.306738,0,20.2441,5.20471,11.956,4.96855,3.294,9999,9999,7164.9,136.1,4.9736,1.87296,1.87073,1.87229,1.87284,1.87378,1.87326,1.87775,0,0,0,0,11111111,oooooooo,on,on,on,on,0,100,100,-13.207,-1.1781,-13.2064,0,0,0,-1.178090909,0,0,0,-1,-1,-1,-1,18.9,18.8,0.157471,4.99756,2.64526,2.75269,2.8479,2.2522,34.0092,15.9182,2,372.256,1239.37,30.9882,31.4196,30.0005,31.2962,31.1949,-1,40,10,-999.9,400,20,101.694,94.412
11,1785427283,1206,20260731 00:01:23,00:01:23,15,,1785427275,0.000864674,0.864674091,2.049794065,387.9415896,205.026023,20.73939788,39.24221355,0.020313046,1.385326955,0.020149016,0.012607762,287.4269933,36.216717,34.45796,5.481023206,24.9398054,1.285247193,5.15339704,4.195776013,-38.13212743,-82.46899742,-13.75518886,153.0706796,1.390508116,0.797192309,2.049794065,394.1786584,392.170703,-0.150904497,60.85743361,0.864674091,11.51974725,12.70068485,-0.001967314,69.65,49,11,1.00389383,0.389382989,25266.02291,1499.987333,1261.20406,0.840809807,0.191619614,6,0.5,0: Broadleaf,2,TRUE,1785427275,387.9902667,390.3096,12.70572667,11.63262,401.1968667,13.88381333,438.3374,101.0549333,0.10002042,33.35374667,34.45796,999.9,0,0,5001.499333,0,249.4044667,-2.319197333,392.9834667,394.9034667,1.073089267,390.3096,11.63262,1.283976,1.175536,10.61256667,9.294933333,1499.987333,0.973003333,0.026996493,0,2.00998,0,17294.13333,12843.79333,44.062,46.062,44.9412,44.6872,44.01653333,1459.497333,40.49,0,1785427280,0,1785426033,23:40:33,1785426030,1785426033,1,0.085,-0.146,-13.206,-1.178,388,11,0.33,0.11,-2.4930515,2.792105414,0.708093763,0,1.0474303,0.811631368,0.096484381,0,0,2,0/2,3.01327,2.75946,0.0908642,0.0898811,0.07305,0.0642483,32156.2,23170.6,33494.1,25746.8,39732.4,32610.7,48932.1,40220.9,1.75235,2.6473,0.212181,0,31.0499,999.9,51.691,29.588,21.2836,29.3,-100,3,0.313298,0,20.2439,5.20501,11.956,4.9692,3.294,9999,9999,7164.9,136.1,4.97363,1.87294,1.87073,1.87232,1.87285,1.87378,1.8733,1.87775,0,0,0,0,11111111,oooooooo,on,on,on,on,0,100,100,-13.206,-1.1781,-13.2064,0,0,0,-1.178090909,0,0,0,-1,-1,-1,-1,20.9,20.8,0.157471,4.99756,2.64526,2.75269,2.8479,2.26318,34.1905,15.9182,2,375.596,1240.87,31.1806,31.5149,30.0004,31.4069,31.3138,-1,40,10,-999.9,400,20,101.68,94.4036
12,1785427403,1326,20260731 00:03:23,00:03:23,15,,1785427395,0.000781109,0.781109173,2.017049514,385.9227205,185.250983,18.7390223,39.0379276,0.017971287,1.383838735,0.017842631,0.011163127,287.4280067,36.46451733,34.66805333,5.545368118,24.29050417,1.266141559,5.212496003,4.279226559,-34.44691455,-82.86384692,-13.86390562,156.2533396,4.338073955,0.850371694,2.017049514,396.9293087,392.9966182,0.210494369,60.85743361,0.781109173,11.38126676,12.47438667,-0.006721619,69.65,48,11,1.003823118,0.38231181,25206.39354,1499.992667,1261.20854,0.840809804,0.191619608,6,0.5,0: Broadleaf,2,TRUE,1785427395,385.9707333,392.3060667,12.51687333,11.37715333,399.177,13.69496,440.3655333,101.0547333,0.10004592,33.55736,34.66805333,999.9,0,0,4994.166667,0,61.03490667,-6.3355,390.8630667,396.8208,1.139730133,392.3060667,11.37715333,1.264889333,1.149715333,10.38800667,8.965603333,1499.992667,0.973004,0.0269958,0,1.999866667,0,17127.10667,12843.83333,44.25,46.25,45.15393333,44.89153333,44.2458,1459.502667,40.49,0,1785427400,0,1785426033,23:40:33,1785426030,1785426033,1,0.085,-0.146,-13.206,-1.178,388,11,0.33,0.11,-5.5427565,-14.19779774,2.396236613,0,1.08678305,0.646109188,0.118814435,0,0,2,0/2,3.01494,2.75939,0.0911044,0.0906296,0.0720925,0.0642662,32141.5,23148.2,33488.2,25743.5,39768.5,32605.3,48924.7,40216.6,1.75665,2.64153,0.209019,0,31.2924,999.9,50.507,29.829,21.0877,29.18,-100,3,0.319886,0,20.244,5.20411,11.956,4.96935,3.29402,9999,9999,7164.9,136.1,4.97362,1.87292,1.87073,1.87237,1.87286,1.87378,1.8733,1.87775,0,0,0,0,11111111,oooooooo,on,on,on,on,0,100,100,-13.206,-1.1781,-13.2064,0,0,0,-1.178090909,0,0,0,-1,-1,-1,-1,22.9,22.8,0.157471,4.99756,2.64526,2.75269,2.8479,2.25464,34.3497,15.9182,2,378.451,1234.72,31.3813,31.6125,30.0003,31.509,31.4181,-1,40,10,-999.9,400,20,101.664,94.3927
13,1785427523,1446.1,20260731 00:05:23,00:05:23,15,,1785427515,0.00069322,0.693219922,1.809199045,402.0182636,201.3785406,20.37030845,40.66588231,0.016184686,1.38501709,0.016080347,0.010059535,287.4307211,36.47708571,34.5355,5.504695261,24.79793615,1.29042493,5.203759384,4.214270331,-30.57099855,-75.27485617,-12.57348717,169.0113792,-3.449579943,0.675765721,1.809199045,403.2328802,402.7048121,-0.359018788,60.85318178,0.693219922,11.90296305,12.79925515,0.005700084,69.65,48,11,1.003817582,0.381758173,25242.80939,1500.004,1261.218341,0.840809985,0.19161997,6,0.5,0: Broadleaf,2,TRUE,1785427515,402.0612667,397.7512,12.75699333,11.85191333,415.2676,13.93508,440.5632667,101.0543333,0.09998226,33.52738667,34.5355,999.9,0,0,5000,0,30.44144667,4.31000802,407.2564667,402.5216667,0.905077133,397.7512,11.85191333,1.289148667,1.197686667,10.67292,9.572751333,1500.004,0.973003,0.026996827,0,2.095966667,0,16994.73333,12843.93333,44.3666,46.2038,45.25,44.89153333,44.3288,1459.504,40.49933333,0,1785427520,0,1785426033,23:40:33,1785426030,1785426033,1,0.085,-0.146,-13.206,-1.178,388,11,0.33,0.11,7.328091443,-47.71806411,5.481584529,0,0.938092667,-0.414400185,0.056447642,0,0,2,0/2,3.01442,2.75945,0.0925365,0.0914299,0.0734753,0.0658557,32081.4,23120.9,33478.9,25736.3,39695.8,32539.5,48912.4,40206.9,1.7547,2.63882,0.215508,0,31.033,999.9,51.001,30.041,21.5509,29.3791,-100,3,0.329825,0,20.2441,5.20246,11.956,4.9692,3.294,9999,9999,7164.9,136.2,4.97365,1.87297,1.87073,1.87232,1.87286,1.87378,1.8733,1.87775,0,0,0,0,11111111,oooooooo,on,on,on,on,0,100,100,-13.207,-1.1781,-13.2064,0,0,0,-1.178090909,0,0,0,-1,-1,-1,-1,24.9,24.8,0.15625,4.99756,2.64526,2.75146,2.8479,2.25586,34.5092,15.8832,2,378.127,1233.19,31.5126,31.7231,30.0003,31.6226,31.5316,-1,40,10,-999.9,400,20,101.637,94.3685
14,1785427643,1566.1,20260731 00:07:23,00:07:23,15,,1785427635,0.000764297,0.764296797,1.977278091,384.0058754,184.8193524,18.69581435,38.84497193,0.017736255,1.385223097,0.017611053,0.011018083,287.4319,36.46576999,34.52645333,5.501928847,24.15109159,1.258534231,5.211086322,4.243394617,-33.70548874,-72.73298722,-12.14805386,168.8453702,1.558799676,0.852691059,1.977278091,391.6069717,388.6584788,0.042330604,60.85318178,0.764296797,11.35816956,12.40313576,-0.003098672,69.65,47,11,1.003737194,0.373719413,25246.56014,1500.01,1261.2234,0.840809995,0.191619989,6,0.5,0: Broadleaf,2,TRUE,1785427635,384.0528667,386.6079333,12.44136667,11.30151333,397.2590667,13.61946,441.5871333,101.0572,0.100033307,33.55252667,34.52645333,999.9,0,0,5000.874667,0,78.64576667,-2.555198,388.8911333,391.0272667,1.139840933,386.6079333,11.30151333,1.257288667,1.142100667,10.29772667,8.867284667,1500.01,0.973002667,0.02699718,0,2.03494,0,16867.45333,12843.98,44.40393333,46.18286667,45.27893333,44.9622,44.375,1459.51,40.5,0,1785427640,0,1785426033,23:40:33,1785426030,1785426033,1,0.085,-0.146,-13.206,-1.178,388,11,0.33,0.11,-2.057639333,-11.29227787,1.218727732,0,1.191834,-1.104109792,0.114095001,0,0,2,0/2,3.01567,2.75934,0.0902144,0.0894431,0.071754,0.0639594,32155.9,23167.8,33471.6,25732.8,39763.8,32601,48902.9,40201.9,1.75723,2.63732,0.226952,0,30.8581,999.9,49.298,30.242,21.0734,29.4691,-100,3,0.337599,0,20.2439,5.20501,11.956,4.96945,3.294,9999,9999,7164.9,136.2,4.97366,1.87297,1.87074,1.87232,1.87286,1.87378,1.87331,1.87775,0,0,0,0,11111111,oooooooo,on,on,on,on,0,100,100,-13.206,-1.1781,-13.2064,0,0,0,-1.178090909,0,0,0,-1,-1,-1,-1,26.9,26.8,0.15625,4.99756,2.64526,2.75146,2.8479,2.28394,34.6692,15.8832,2,380.066,1233.12,31.5723,31.8314,30.0004,31.7242,31.6318,-1,40,10,-999.9,400,20,101.616,94.3563
15,1785427763,1686.1,20260731 00:09:23,00:09:23,15,,1785427755,0.000764264,0.764263805,1.109678366,397.7881839,273.6422677,27.68059333,40.23871401,0.0177155,1.384259521,0.017590504,0.011005222,287.4196133,36.64019142,34.72879333,5.564092779,25.05991928,1.318628176,5.261901132,4.245464603,-33.70403382,-74.83367563,-12.53059892,166.351305,-1.073480333,0.79507933,1.109678366,397.1169605,399.5468121,-0.724156565,60.85318178,0.764263805,11.8295365,12.95350303,-0.015606121,69.65,47,11,1.003743442,0.374344174,25204.58181,1499.945333,1261.16908,0.84081003,0.191620059,6,0.5,0: Broadleaf,2,TRUE,1785427755,397.8146,396.7898667,13.03557333,11.97197333,411.0209333,14.21367333,441.0021333,101.0562667,0.099865273,33.72604,34.72879333,999.9,0,0,4996.166667,0,45.90828667,1.02475,403.0688667,401.5987333,1.063612867,396.7898667,11.97197333,1.317327333,1.209842,10.99797333,9.722266,1499.945333,0.973001667,0.026998207,0,1.98568,0,16727.23333,12843.42667,44.5,46.25,45.375,45.04133333,44.4916,1459.445333,40.5,0,1785427760,0,1785426033,23:40:33,1785426030,1785426033,1,0.085,-0.146,-13.206,-1.178,388,11,0.33,0.11,-1.689058571,58.66889143,6.520321942,0,1.007127286,1.203462312,0.138830544,0,0,2,0/2,3.01361,2.75945,0.0918024,0.0894649,0.0740201,0.0655753,32093.1,23162.8,33465,25728.2,39655,32537.5,48894.4,40196,1.75252,2.6353,0.230759,0,31.0086,999.9,49.902,30.454,21.5925,29.1691,-100,3,0.344929,0,20.244,5.20471,11.956,4.96975,3.294,9999,9999,7164.9,136.2,4.97364,1.87296,1.87074,1.87235,1.87286,1.87378,1.87331,1.87775,0,0,0,0,11111111,oooooooo,on,on,on,on,0,100,100,-13.207,-1.1781,-13.2064,0,0,0,-1.178090909,0,0,0,-1,-1,-1,-1,28.9,28.8,0.15625,4.99756,2.64526,2.75024,2.8479,2.20703,34.8066,15.8745,2,378.218,1232.32,31.6931,31.9286,30.0005,31.8241,31.7329,-1,40,10,-999.9,400,20,101.598,94.3414
16,1785427883,1806.1,20260731 00:11:23,00:11:23,15,,1785427875,0.000759167,0.759166605,1.655049681,386.9474689,210.3890306,21.28151857,39.14096529,0.017153488,1.384938171,0.017036325,0.010658163,287.4281333,36.871632,35.01197333,5.652117547,24.37907181,1.299452807,5.330198038,4.35266474,-33.47924726,-78.77184773,-13.21668962,161.9603487,1.968152771,0.662569457,1.655049681,394.6289967,392.3338424,0.004168166,60.85318178,0.759166605,11.91499547,12.89665576,0.005608708,69.65,46,10,1.003663404,0.366340375,25205.25704,1499.993333,1261.2091,0.840809804,0.191619607,6,0.5,0: Broadleaf,2,TRUE,1785427875,386.9868667,389.995,12.84638667,11.96236,400.1931333,14.02448667,442.2758667,101.0532,0.099975653,33.95696667,35.01197333,999.9,0,0,4999.666667,0,72.64867333,-3.008357333,392.0227333,394.717,0.884035067,389.995,11.96236,1.298169333,1.208833333,10.77759333,9.71065,1499.993333,0.973004,0.0269958,0,2.002446667,0,16589.68667,12843.84,44.625,46.40806667,45.5,45.14566667,44.5788,1459.503333,40.49,0,1785427880,0,1785426033,23:40:33,1785426030,1785426033,1,0.085,-0.146,-13.206,-1.178,388,11,0.33,0.11,-2.864864762,0.570617143,0.656362298,0,0.888687286,0.272559117,0.076057329,0,0,2,0/2,3.01597,2.75944,0.0907355,0.0895449,0.0737826,0.0654775,32126.5,23158.6,33461,25726.2,39660.6,32537.8,48889.3,40193.4,1.7574,2.63217,0.227518,0,31.351,999.9,48.865,30.655,21.3905,29.1691,-100,3,0.349639,0,20.244,5.20486,11.956,4.96955,3.294,9999,9999,7164.9,136.3,4.97364,1.873,1.87075,1.87237,1.87286,1.87378,1.87331,1.87775,0,0,0,0,11111111,oooooooo,on,on,on,on,0,100,100,-13.207,-1.1781,-13.2064,0,0,0,-1.178090909,0,0,0,-1,-1,-1,-1,30.9,30.8,0.15625,4.99756,2.64526,2.75146,2.8479,2.29126,34.9444,15.8832,2,381.262,1229.52,31.8315,32.0043,30.0002,31.9047,31.8144,-1,40,10,-999.9,400,20,101.586,94.3347
17,1785428003,1926.1,20260731 00:13:23,00:13:23,15,,1785427995,0.000666371,0.666370542,1.7494479,388.0294522,179.8921359,18.19631668,39.24966901,0.014979614,1.385813776,0.014890239,0.009314385,287.4288933,37.00012065,35.10406,5.681001698,24.47605481,1.310709968,5.355070409,4.37029173,-29.38694092,-79.46616542,-13.33617573,165.2396113,0.833081023,0.681990586,1.7494479,394.8858782,392.5323152,-0.007695445,60.85318178,0.666370542,12.12708637,12.98213212,0.005576872,69.65,46,10,1.003660722,0.366072158,25223.65725,1499.997333,1261.21246,0.840809801,0.191619603,6,0.5,0: Broadleaf,2,TRUE,1785427995,388.0710667,389.5518667,12.95792,12.05071333,401.2775333,14.13602,443.5588667,101.0512667,0.099995913,34.04042667,35.10406,999.9,0,0,5004.083333,0,48.21514,-1.480805667,393.1658,394.3036667,0.907206267,389.5518667,12.05071333,1.309414,1.21774,10.90734667,9.819986,1499.997333,0.973003667,0.02699614,0,2.093793333,0,16450.38,12843.88,44.75,46.562,45.625,45.30373333,44.75,1459.507333,40.49,0,1785428000,0,1785426033,23:40:33,1785426030,1785426033,1,0.085,-0.146,-13.206,-1.178,388,11,0.33,0.11,-0.756547238,-15.12470486,1.703454285,0,0.972865905,-1.159722234,0.120219038,0,0,2,0/2,3.01764,2.75952,0.0907662,0.0898801,0.0741836,0.0667327,32121.1,23146.8,33456.8,25722.8,39638.1,32489,48884.4,40189.1,1.76063,2.6315,0.220794,0,31.5456,999.9,48.681,30.867,21.5709,29.4091,-100,3,0.354952,0,20.2441,5.20276,11.956,4.9692,3.294,9999,9999,7164.9,136.3,4.97365,1.87295,1.87079,1.87234,1.87286,1.87378,1.87331,1.87775,0,0,0,0,11111111,oooooooo,on,on,on,on,0,100,100,-13.206,-1.1781,-13.2064,0,0,0,-1.178090909,0,0,0,-1,-1,-1,-1,32.9,32.8,0.15625,4.99756,2.64526,2.75024,2.8479,2.27539,35.1055,15.8832,2,383.408,1230.15,31.9687,32.0705,30.0005,31.9779,31.8919,-1,40,10,-999.9,400,20,101.575,94.3237
18,1785428123,2046.1,20260731 00:15:23,00:15:23,15,,1785428115,0.000606186,0.606185882,1.251045759,415.5692394,247.4832097,25.03300173,42.03495462,0.013887561,1.383971423,0.013810605,0.008638507,287.4238811,37.09377084,35.16444,5.700010208,26.36161999,1.416421859,5.373045584,4.283588349,-26.7327974,-79.38091424,-13.34744279,167.9627266,-1.070444132,0.625086482,1.251045759,417.4794839,418.7025212,-0.541331111,60.85318178,0.606185882,13.09792578,13.95435576,-0.007702721,69.65,46,10,1.003669169,0.366916881,25165.79868,1499.968,1261.188101,0.840810004,0.191620009,6,0.5,0: Broadleaf,2,TRUE,1785428115,415.5990667,414.5077333,14.00314,13.17248,428.8056667,15.18122667,443.5375333,101.0502667,0.100036667,34.10053333,35.16444,999.9,0,0,4995.042,0,68.07732,1.091466667,421.5015333,420.0410667,0.830666333,414.5077333,13.17248,1.415022,1.331081333,12.07955333,11.15426667,1499.968,0.973002333,0.026997527,0,1.954,0,16319.30667,12843.64,44.812,46.562,45.687,45.3288,44.812,1459.468,40.49933333,0,1785428120,0,1785426033,23:40:33,1785426030,1785426033,1,0.085,-0.146,-13.206,-1.178,388,11,0.33,0.11,-0.152077,22.20166674,2.239246068,0,0.78068815,0.708415985,0.070440714,0,0,2,0/2,3.01836,2.75956,0.0950027,0.0925094,0.078212,0.0699268,31959.4,23071.3,33444.6,25713.7,39445.4,32364.5,48868.6,40176.8,1.7611,2.62742,0.230476,0,31.4357,999.9,50.922,31.048,22.7969,29.0191,-100,3,0.366547,0,20.2443,5.20411,11.956,4.9691,3.294,9999,9999,7164.9,136.3,4.97363,1.87298,1.87075,1.87229,1.87285,1.87378,1.87331,1.87775,0,0,0,0,11111111,oooooooo,on,on,on,on,0,100,100,-13.207,-1.1781,-13.2064,0,0,0,-1.178090909,0,0,0,-1,-1,-1,-1,34.9,34.8,0.15625,4.99756,2.64526,2.75024,2.8479,2.28149,35.2209,15.8832,2,384.367,1226.52,32.0826,32.1988,30.0005,32.093,31.9999,-1,40,10,-999.9,400,20,101.541,94.2931
19,1785428243,2166.1,20260731 00:17:23,00:17:23,15,,1785428235,0.000578063,0.578063169,1.406626334,393.1114498,197.2390803,19.94957049,39.76090624,0.012941163,1.385844707,0.0128744,0.00805247,287.4315533,37.27660307,35.33054667,5.75258849,25.27425934,1.371125687,5.424988597,4.381462803,-25.49258577,-78.99475256,-13.2864831,169.6577319,1.410443211,0.463077174,1.406626334,400.0711624,398.5322667,-0.071627022,60.85318178,0.578063169,12.98229314,13.66269758,0.014614292,69.65,45,10,1.003583415,0.358341508,25205.70612,1500.011333,1261.22422,0.840809794,0.191619588,6,0.5,0: Broadleaf,2,TRUE,1785428235,393.1449333,395.2918667,13.55616,12.94060667,406.3516,14.73426,443.6458667,101.0442667,0.099839553,34.27324667,35.33054667,999.9,0,0,5004.582667,0,59.18114667,-2.146637933,398.548,400.4740667,0.615560467,395.2918667,12.94060667,1.369774,1.307576,11.58693333,10.88607333,1500.011333,0.973004,0.0269958,0,2.04888,0,16186.25333,12844.00667,44.875,46.5788,45.75,45.3874,44.8372,1459.521333,40.49,0,1785428240,0,1785426033,23:40:33,1785426030,1785426033,1,0.085,-0.146,-13.206,-1.178,388,11,0.33,0.11,-2.082842524,5.325429039,1.369034043,0,0.67182581,-0.546687818,0.107727958,0,0,2,0/2,3.01537,2.75905,0.0916313,0.0900219,0.0770213,0.0694747,32067.5,23128.2,33434,25707.3,39485.5,32370.8,48854.5,40167.5,1.75502,2.6249,0.238206,0,31.4909,999.9,49.481,31.229,22.3835,29.0491,-100,3,0.378006,0,20.2445,5.20441,11.956,4.969,3.294,9999,9999,7164.9,136.4,4.97367,1.873,1.87074,1.87236,1.87285,1.87377,1.87331,1.87775,0,0,0,0,11111111,oooooooo,on,on,on,on,0,100,100,-13.207,-1.1781,-13.2064,0,0,0,-1.178090909,0,0,0,-1,-1,-1,-1,36.9,36.8,0.15625,4.99756,2.64526,2.74902,2.8479,2.26562,35.3596,15.8482,2,381.95,1225.47,32.195,32.3419,30.0004,32.2223,32.1246,-1,40,10,-999.9,400,20,101.51,94.2706
20,1785428363,2286.1,20260731 00:19:23,00:19:23,15,,1785428355,0.000549191,0.549191338,1.541002788,385.357526,166.212938,16.81186232,38.9775775,0.012409484,1.385614323,0.012348071,0.007723036,287.4388667,37.14158582,35.16165333,5.699131709,25.233647,1.3574748,5.379621899,4.341656909,-24.21933799,-77.62753591,-13.03836228,172.5536305,1.437050144,0.481425467,1.541002788,392.8642775,390.6185758,0.025927902,60.85318178,0.549191338,12.80337702,13.48234182,0.008363394,69.65,46,10,1.003662512,0.36625124,25211.36887,1500.046667,1261.2542,0.840809975,0.19161995,6,0.5,0: Broadleaf,2,TRUE,1785428355,385.3942,387.5756667,13.42087333,12.78261333,398.6004667,14.59895333,444.8414667,101.0465333,0.099999093,34.12248,35.16165333,999.9,0,0,5003.333333,0,51.15714,-2.181518667,390.6367333,392.594,0.638246867,387.5756667,12.78261333,1.356134,1.291640667,11.43577333,10.70181333,1500.046667,0.973002333,0.026997527,0,1.981706667,0,16051.57333,12844.30667,44.8162,46.5,45.7416,45.333,44.812,1459.546667,40.5,0,1785428360,0,1785426033,23:40:33,1785426030,1785426033,1,0.085,-0.146,-13.206,-1.178,388,11,0.33,0.11,-2.038660476,-2.781384935,0.338873474,0,0.664270238,-0.250867325,0.0607268,0,0,2,0/2,3.01884,2.75937,0.0903356,0.0892387,0.0762545,0.0695063,32115.3,23149.9,33436.2,25709.4,39522.1,32372.6,48857.9,40171.3,1.76042,2.6248,0.225924,0,31.5023,999.9,48.041,31.411,21.9561,29.1691,-100,3,0.376486,0,20.2442,5.20441,11.956,4.96925,3.29408,9999,9999,7164.9,136.4,4.97368,1.873,1.87079,1.87237,1.87286,1.87376,1.87331,1.87775,0,0,0,0,11111111,oooooooo,on,on,on,on,0,100,100,-13.207,-1.1781,-13.2064,0,0,0,-1.178090909,0,0,0,-1,-1,-1,-1,38.9,38.8,0.15625,4.99756,2.64526,2.75024,2.8479,2.24121,35.4986,15.8394,2,385.02,1226.15,32.2278,32.3482,29.9999,32.2574,32.1639,-1,40,10,-999.9,400,20,101.517,94.2791
21,1785428483,2406.1,20260731 00:21:23,00:21:23,15,,1785428475,0.000506901,0.506901,1.913862364,388.817893,102.9992486,10.41791281,39.32718893,0.011456384,1.385384783,0.011404012,0.007132193,287.43342,37.25844674,35.24086667,5.724149686,25.63316542,1.386324131,5.408322026,4.337825554,-22.35433411,-76.39774565,-12.84486727,175.836473,4.143449828,0.510053942,1.913862364,401.7418391,396.7366606,0.44074825,60.85318178,0.506901,13.06253681,13.73115636,0.001041891,69.65,45,10,1.003584661,0.358466138,25196.97401,1500.018,1261.23012,0.84080999,0.191619981,6,0.5,0: Broadleaf,2,TRUE,1785428475,388.8634667,394.7062667,13.70623333,13.0294,402.0698667,14.88433333,444.3408667,101.0455333,0.099989113,34.21798667,35.24086667,999.9,0,0,5002.25,0,76.46146,-5.84283,394.2674,399.9170667,0.6768498,394.7062667,13.0294,1.384955333,1.316561333,11.75388,10.98923333,1500.018,0.973000667,0.026999247,0,2.082206667,0,15916.08,12844.06,44.75,46.39566667,45.687,45.17046667,44.75,1459.518,40.5,0,1785428480,0,1785426033,23:40:33,1785426030,1785426033,1,0.085,-0.146,-13.206,-1.178,388,11,0.33,0.11,-5.00248619,-18.64666442,1.979094654,0,0.657248714,0.18707626,0.046394226,0,0,2,0/2,3.01817,2.75936,0.0914898,0.0918166,0.0772969,0.0707643,32077.2,23086.3,33438.8,25711.3,39479.2,32331.5,48861.8,40174.8,1.7599,2.62353,0.234924,0,31.4491,999.9,48.01,31.572,22.1437,28.5991,-100,3,0.373425,0,20.2438,5.20366,11.956,4.96905,3.29405,9999,9999,7164.9,136.4,4.97366,1.87302,1.8708,1.87238,1.87286,1.87378,1.87332,1.87775,0,0,0,0,11111111,oooooooo,on,on,on,on,0,100,100,-13.206,-1.1781,-13.2064,0,0,0,-1.178090909,0,0,0,-1,-1,-1,-1,40.9,40.8,0.15625,4.99756,2.64526,2.74902,2.8479,2.25342,35.5683,15.8482,2,384.707,1224.43,32.2513,32.3251,30.0002,32.2517,32.1695,-1,40,10,-999.9,400,20,101.525,94.2868
22,1785428603,2526.1,20260731 00:23:23,00:23:23,15,,1785428595,0.000513438,0.513438255,1.41737665,407.8738199,193.2618823,19.54747691,41.25440558,0.011764807,1.386299255,0.01170962,0.007323449,287.4256933,37.23057864,35.19596,5.709955106,26.50332993,1.431562106,5.401442421,4.278393001,-22.64262704,-74.79994901,-12.56377934,177.4193379,-5.005728189,0.677159547,1.41737665,405.6176069,407.3177576,-0.671739274,60.85318178,0.513438255,13.22536473,14.02215879,-0.018120866,69.65,45,10,1.003580643,0.358064296,25225.15055,1499.977333,1261.19596,0.840810012,0.191620024,6,0.5,0: Broadleaf,2,TRUE,1785428595,407.9075333,401.5382,14.15356,13.25438,421.1140667,15.33165333,443.8439333,101.045,0.10001976,34.19513333,35.19596,999.9,0,0,5006.79,0,68.84143333,6.369281267,413.7641333,406.9320667,0.899183867,401.5382,13.25438,1.430145333,1.339288,12.24085333,11.24693333,1499.977333,0.972999,0.027001,0,2.0013,0,15808.74,12843.68,44.6746,46.42046667,45.625,44.9496,44.63326667,1459.477333,40.5,0,1785428600,0,1785426033,23:40:33,1785426030,1785426033,1,0.085,-0.146,-13.206,-1.178,388,11,0.33,0.11,8.37798595,-34.26189018,3.640396026,0,0.8728663,0.428602827,0.091998841,0,0,2,0/2,3.01782,2.75942,0.0930871,0.0921038,0.0784646,0.0717961,32017.7,23076.8,33435.6,25709,39424,32292.2,48857.7,40171.6,1.75942,2.62503,0.250753,0,31.142,999.9,48.468,31.743,22.5729,28.9892,-100,3,0.375879,0,20.2443,5.20456,11.956,4.96925,3.29402,9999,9999,7164.9,136.5,4.97366,1.87302,1.87082,1.87239,1.87286,1.87378,1.87332,1.87775,0,0,0,0,11111111,oooooooo,on,on,on,on,0,100,100,-13.206,-1.1781,-13.2064,0,0,0,-1.178090909,0,0,0,-1,-1,-1,-1,42.9,42.8,0.15625,4.99756,2.64526,2.75024,2.8479,2.26318,35.6613,15.8307,2,384.631,1227.18,32.2586,32.3509,30.0002,32.2802,32.1982,-1,40,10,-999.9,400,20,101.516,94.2789
23,1785428723,2646.1,20260731 00:25:23,00:25:23,15,,1785428715,0.000510726,0.510725889,1.157116935,398.5229793,217.9858796,22.04869164,40.30953886,0.011696902,1.385512798,0.011642318,0.007281331,287.4320267,37.30324818,35.27222667,5.734080465,26.82537434,1.454620111,5.422552887,4.279460354,-22.52301172,-75.22212212,-12.65088111,177.0360117,0.556925802,0.448852736,1.157116935,403.7977003,403.3623576,-0.212271038,60.85318178,0.510725889,13.67228873,14.36496121,-0.001993587,69.65,45,10,1.003584699,0.358469877,25196.71209,1500.010667,1261.22396,0.840809994,0.191619988,6,0.5,0: Broadleaf,2,TRUE,1785428715,398.5505333,399.5422667,14.3812,13.78548667,411.757,15.55929333,443.9663333,101.0473333,0.100005593,34.26518,35.27222667,999.9,0,0,5002.792667,0,55.41131333,-0.991657133,404.3658,405.1271333,0.595711333,399.5422667,13.78548667,1.453182667,1.392988,12.48425333,11.84120667,1500.010667,0.973,0.026999967,0,1.995693333,0,15664.86667,12843.96667,44.75413333,46.5124,45.687,45.2122,44.75,1459.510667,40.5,0,1785428720,0,1785426033,23:40:33,1785426030,1785426033,1,0.085,-0.146,-13.206,-1.178,388,11,0.33,0.11,-1.48102785,8.739819654,1.095979238,0,0.553426,0.886397504,0.101714821,0,0,2,0/2,3.01784,2.75942,0.0924242,0.0913961,0.0798747,0.0729214,32038.8,23093.2,33433.3,25707.4,39358.7,32250.2,48855.1,40169.7,1.75957,2.624,0.251647,0,31.2136,999.9,48.584,31.894,22.8211,29.0492,-100,3,0.378237,0,20.2442,5.20486,11.956,4.96955,3.294,9999,9999,7164.9,136.5,4.97366,1.87299,1.8708,1.87239,1.87286,1.87378,1.87332,1.87775,0,0,0,0,11111111,oooooooo,on,on,on,on,0,100,100,-13.206,-1.1781,-13.2064,0,0,0,-1.178090909,0,0,0,-1,-1,-1,-1,44.9,44.8,0.15625,4.99756,2.64526,2.74902,2.8479,2.2644,35.7544,15.8132,2,384.885,1226.23,32.3156,32.385,30.0001,32.3088,32.2237,-1,40,10,-999.9,400,20,101.51,94.2739
24,1785428843,2766.1,20260731 00:27:23,00:27:23,15,,1785428835,0.000352719,0.352718864,1.035070616,414.3359142,193.1845991,19.54168655,41.91236051,0.008287255,1.385890357,0.008259823,0.005164846,287.4378533,37.15467777,34.99182,5.645813249,27.61157339,1.478283918,5.353856145,4.167529331,-15.55490189,-71.3882649,-11.97306301,188.5216235,2.026253351,0.217379765,1.035070616,421.6513641,420.9367697,-0.12981681,60.85318178,0.352718864,14.28760824,14.69649758,0.00974453,69.65,45,10,1.003580518,0.358051805,25226.02742,1500.041333,1261.24972,0.840809978,0.191619955,6,0.5,0: Broadleaf,2,TRUE,1785428835,414.3605333,417.2088,14.61397333,14.32574667,427.5668667,15.79207333,444.2908,101.0555333,0.099976167,34.03636,34.99182,999.9,0,0,5004.25,0,72.19389333,-2.848419267,420.5058,423.2726,0.288238133,417.2088,14.32574667,1.476823333,1.447694667,12.73016667,12.42656,1500.041333,0.972998,0.02700202,0,2.04774,0,15532.69333,12844.24,44.75826667,46.5,45.6374,45.2748,44.75413333,1459.541333,40.5,0,1785428840,0,1785426033,23:40:33,1785426030,1785426033,1,0.085,-0.146,-13.206,-1.178,388,11,0.33,0.11,-4.337591857,32.24741977,3.320476465,0,0.255957381,0.874636442,0.101088726,0,0,2,0/2,3.01817,2.75942,0.0953392,0.0937148,0.081288,0.0748899,31935.5,23033,33432.9,25705.9,39296.5,32179.4,48855.3,40167.9,1.76005,2.62295,0.239968,0,31.0747,999.9,48.95,32.035,23.1756,28.7491,-100,3,0.378651,0,20.2444,5.20486,11.956,4.9695,3.29405,9999,9999,7164.9,136.5,4.97365,1.87301,1.87087,1.87241,1.87286,1.87378,1.87332,1.87775,0,0,0,0,11111111,oooooooo,on,on,on,on,0,100,100,-13.206,-1.1781,-13.2064,0,0,0,-1.178090909,0,0,0,-1,-1,-1,-1,46.9,46.8,0.15625,4.99756,2.64526,2.7478,2.8479,2.26074,35.8477,15.8044,2,385.19,1224.82,32.3,32.391,29.9999,32.3174,32.2287,-1,40,10,-999.9,400,20,101.51,94.2692
25,1785428963,2886.1,20260731 00:29:23,00:29:23,15,,1785428955,0.000571792,0.571791992,1.406955889,387.2622505,195.4339303,19.76894587,39.17316945,0.013184022,1.385233961,0.013114707,0.008202889,287.42908,36.9851842,34.98142667,5.642564431,25.96587128,1.385526094,5.335950712,4.257038338,-25.21602685,-75.06359651,-12.59112129,174.5583354,3.1024567,0.47390346,1.406955889,395.7628245,393.9542667,-0.023124627,60.85318178,0.571791992,12.90902592,13.69021879,-0.00254957,69.65,44,10,1.003502607,0.350260713,25212.14229,1499.992,1261.20858,0.840810204,0.191620409,6,0.5,0: Broadleaf,2,TRUE,1785428955,387.2957333,391.7401333,13.69718,13.06514667,400.5025333,14.87527333,442.1522,101.0540667,0.100046333,33.9763,34.98142667,999.9,0,0,5001.083333,0,86.16423333,-4.4442316,392.6743333,396.9260667,0.6320584,391.7401333,13.06514667,1.384156,1.320284667,11.74514,11.03115333,1499.992,0.972994667,0.02700542,0,1.99832,0,15409.3,12843.78,44.562,46.187,45.479,45.00826667,44.562,1459.482,40.51,0,1785428960,0,1785426033,23:40:33,1785426030,1785426033,1,0.085,-0.146,-13.206,-1.178,388,11,0.33,0.11,-4.076388286,6.442358961,2.372044803,0,0.591192,1.179079325,0.135449944,0,0,2,0/2,3.01668,2.75941,0.0909311,0.0893128,0.0770595,0.0695153,32102.7,23155.1,33444.6,25716.9,39497.5,32383.6,48871,40184.1,1.75922,2.62675,0.250861,0,30.9423,999.9,45.068,32.166,21.4969,28.9891,-100,3,0.366484,0,20.2446,5.20486,11.956,4.96935,3.29405,9999,9999,7164.9,136.6,4.97367,1.87301,1.8708,1.87239,1.87286,1.87378,1.87332,1.87775,0,0,0,0,11111111,oooooooo,on,on,on,on,0,100,100,-13.206,-1.1781,-13.2064,0,0,0,-1.178090909,0,0,0,-1,-1,-1,-1,48.9,48.8,0.155029,4.99756,2.64526,2.7478,2.8479,2.30591,35.8944,15.7781,2,384.198,1228.59,32.1972,32.2706,29.9995,32.227,32.1458,-1,40,10,-999.9,400,20,101.544,94.3081
26,1785429084,3007,20260731 00:31:24,00:31:24,15,,1785429076,0.000315855,0.315855204,1.513363662,395.7269842,44.98201785,4.550309205,40.03111077,0.007239016,1.38269247,0.007218027,0.004513148,287.4300933,37.36532723,35.29388667,5.740948281,27.21250122,1.472155579,5.409850299,4.268792702,-13.92921449,-79.82339939,-13.45077166,180.2267078,4.557690511,0.142190708,1.513363662,409.153644,404.789897,0.417682291,60.85318178,0.315855204,14.38336568,14.69079273,0.018521472,69.65,45,10,1.003595872,0.359587207,25118.69906,1499.997333,1261.21306,0.840810201,0.191620403,6,0.5,0: Broadleaf,2,TRUE,1785429076,395.7631333,402.012,14.55297333,14.36322,408.9695333,15.73106,441.4529333,101.0584,0.10000558,34.22306,35.29388667,999.9,0,0,4988.332,0,77.33224667,-6.248856,401.6079333,407.8703333,0.1897486,402.012,14.36322,1.470699333,1.451524,12.66662667,12.46672667,1499.997333,0.972996,0.02700406,0,1.9869,0,15263.64,12843.84667,44.5914,46.312,45.5,45.06626667,44.5998,1459.487333,40.51,0,1785429081,0,1785426033,23:40:33,1785426030,1785426033,1,0.085,-0.146,-13.206,-1.178,388,11,0.33,0.11,-5.71673381,-6.971375844,1.06807993,0,0.190391238,0.293220078,0.073343513,0,0,2,0/2,3.01588,2.75944,0.0927889,0.0925545,0.0813235,0.0756116,32039.5,23072.2,33446.6,25715.9,39310.2,32168.2,48874.1,40183.5,1.7568,2.62725,0.246201,0,31.2755,999.9,47.68,32.277,22.8845,28.6992,-100,3,0.362647,0,20.2446,5.20052,11.956,4.9691,3.294,9999,9999,7164.9,136.6,4.97369,1.87302,1.87083,1.87237,1.87286,1.87377,1.87331,1.87775,0,0,0,0,11111111,oooooooo,on,on,on,on,0,100,100,-13.206,-1.1781,-13.2064,0,0,0,-1.178090909,0,0,0,-1,-1,-1,-1,50.9,50.9,0.155029,4.99756,2.64526,2.7478,2.8479,2.23633,35.9645,15.7694,2,382.597,1228.51,32.2447,32.2168,30.0003,32.1748,32.1073,-1,40,10,-999.9,400,20,101.55,94.3059
27,1785429204,3127,20260731 00:33:24,00:33:24,15,,1785429196,0.000466333,0.466332612,1.450518294,383.5203098,144.373616,14.60471798,38.79660369,0.010566337,1.384812545,0.01052175,0.006580084,287.4318667,37.22020394,35.20661333,5.713319755,25.73557968,1.387212151,5.390250259,4.326107605,-20.56526821,-78.29485464,-13.16321754,175.4085263,1.010605103,0.589455674,1.450518294,390.639043,388.6118182,0.006079394,60.85318178,0.466332612,12.97417839,13.64321515,-0.007199368,69.65,44,10,1.003506406,0.350640576,25184.92434,1500.006667,1261.2209,0.840810196,0.191620393,6,0.5,0: Broadleaf,2,TRUE,1785429196,383.5548667,385.2282667,13.71316,12.92703333,396.7613333,14.89124667,442.1522,101.0592,0.099989467,34.1579,35.20661333,999.9,0,0,4998.75,0,85.6956,-1.673507,388.8878,390.2734667,0.7861346,385.2282667,12.92703333,1.385838667,1.306392,11.76342667,10.8725,1500.006667,0.972994667,0.02700542,0,2.053033333,0,15135.2,12843.92667,44.625,46.375,45.5,45.17873333,44.625,1459.496667,40.51,0,1785429201,0,1785426033,23:40:33,1785426030,1785426033,1,0.085,-0.146,-13.206,-1.178,388,11,0.33,0.11,-1.356396143,-7.583271429,0.819687158,0,0.796518381,-0.587927844,0.097571155,0,0,2,0/2,3.01594,2.75953,0.0900315,0.0889699,0.0769382,0.0703791,32133.9,23162.3,33443.8,25715.1,39502.1,32351.7,48870.1,40182.2,1.75788,2.62575,0.243027,0,31.2666,999.9,44.152,32.418,21.3611,29.2091,-100,3,0.365511,0,20.2447,5.20486,11.956,4.96955,3.294,9999,9999,7164.9,136.6,4.97366,1.87301,1.87085,1.87236,1.87286,1.87378,1.87332,1.87775,0,0,0,0,11111111,oooooooo,on,on,on,on,0,100,100,-13.207,-1.1781,-13.2064,0,0,0,-1.178090909,0,0,0,-1,-1,-1,-1,52.9,52.9,0.15625,4.99756,2.64526,2.7478,2.8479,2.22656,36.0816,15.7344,2,383.217,1226.4,32.2694,32.2424,30.0001,32.1834,32.1102,-1,40,10,-999.9,400,20,101.542,94.3028
28,1785429324,3247,20260731 00:35:24,00:35:24,15,,1785429316,0.000300719,0.300718895,1.231764672,387.478065,75.09931422,7.596876416,39.19640284,0.006680635,1.383919471,0.00666277,0.004165832,287.4299667,37.58196628,35.57986,5.832295371,26.13234805,1.430521414,5.474140369,4.401773956,-13.26170328,-85.39099226,-14.41113836,174.3661328,0.708673447,0.303769059,1.231764672,394.3949526,392.6957818,0.000463946,60.85318178,0.300718895,13.84528099,14.19375576,0.008705255,69.65,44,10,1.003513169,0.351316923,25136.60834,1499.996667,1261.2125,0.840810202,0.191620404,6,0.5,0: Broadleaf,2,TRUE,1785429316,387.5074667,388.6267333,14.14149333,13.73610667,400.7138667,15.31958667,441.667,101.0577333,0.100000193,34.43536,35.57986,999.9,0,0,4994.416667,0,91.48725333,-1.119238267,393.0659333,394.0394,0.405369067,388.6267333,13.73610667,1.429107333,1.388140667,12.23002,11.78839333,1499.996667,0.972995,0.02700508,0,2.07264,0,14985.00667,12843.84,44.6996,46.53306667,45.625,45.25826667,44.7458,1459.486667,40.51,0,1785429321,0,1785426033,23:40:33,1785426030,1785426033,1,0.085,-0.146,-13.206,-1.178,388,11,0.33,0.11,-0.622360667,-10.25157157,1.095488216,0,0.436270952,-0.717563143,0.079884947,0,0,2,0/2,3.01542,2.75932,0.0906617,0.0896762,0.079291,0.0741771,32108.7,23142,33440.8,25712.5,39394.1,32214.2,48866.5,40178.9,1.7566,2.62488,0.248395,0,31.5961,999.9,45.208,32.539,22.022,28.8191,-100,3,0.368308,0,20.2445,5.20112,11.956,4.9692,3.294,9999,9999,7164.9,136.7,4.97369,1.87299,1.87086,1.87239,1.87286,1.87378,1.87332,1.87775,0,0,0,0,11111111,oooooooo,on,on,on,on,0,100,100,-13.207,-1.1781,-13.2064,0,0,0,-1.178090909,0,0,0,-1,-1,-1,-1,54.9,54.9,0.15625,4.99756,2.64526,2.7478,2.8479,2.23999,36.1754,15.7169,2,382.689,1225.6,32.3653,32.2763,30.0004,32.2072,32.1323,-1,40,10,-999.9,400,20,101.533,94.2944
29,1785429444,3367,20260731 00:37:24,00:37:24,15,,1785429436,0.000366337,0.366336517,1.15443782,387.4284692,140.1543114,14.17710472,39.18976108,0.008117715,1.384382146,0.008091363,0.005059462,287.4308733,37.43198891,35.51784,5.8123781,25.66418109,1.395826462,5.438811617,4.416551637,-16.15544038,-89.47768374,-15.08268065,166.7150686,-0.02858007,0.442460166,1.15443782,393.6188437,392.0516848,-0.005337983,60.85318178,0.366336517,13.19677383,13.74574727,-0.008937162,69.65,44,10,1.003509949,0.350994894,25159.58981,1500.003333,1261.21792,0.840810078,0.191620156,6,0.5,0: Broadleaf,2,TRUE,1785429436,387.456,387.6510667,13.79908667,13.20577333,400.6624667,14.97718667,439.7073333,101.0533333,0.100206467,34.31896667,35.51784,999.9,0,0,4996.916667,0,91.76317333,-0.194914533,392.8773333,392.8387333,0.5933114,387.6510667,13.20577333,1.394443333,1.334486667,11.8573,11.19266,1500.003333,0.9729956,0.027004467,0,1.95196,0,14835.64667,12843.9,44.687,46.50826667,45.625,45.29546667,44.75,1459.499333,40.504,0,1785429441,0,1785426033,23:40:33,1785426030,1785426033,1,0.085,-0.146,-13.206,-1.178,388,11,0.33,0.11,-0.848730714,2.913613013,3.140212538,0,0.576559048,0.175674701,0.090597216,0,0,2,0/2,3.01531,2.75952,0.0905671,0.088689,0.0773727,0.0710841,32110.9,23167.3,33439.8,25712.9,39478.7,32323.8,48865.3,40179.4,1.75665,2.62472,0.230111,0,31.7697,999.9,43.279,32.68,21.2521,28.9991,-100,3,0.369398,0,20.2449,5.20426,11.956,4.9693,3.294,9999,9999,7164.9,136.7,4.97368,1.87302,1.87087,1.87239,1.87286,1.87378,1.87332,1.87775,0,0,0,0,11111111,oooooooo,on,on,on,on,0,100,100,-13.206,-1.1781,-13.2064,0,0,0,-1.178090909,0,0,0,-1,-1,-1,-1,56.9,56.9,0.155029,4.99756,2.64526,2.74658,2.8479,2.28149,36.2694,15.7256,2,382.79,1225.43,32.4324,32.289,29.9998,32.2192,32.1346,-1,40,10,-999.9,400,20,101.531,94.2956
30,1785429564,3487,20260731 00:39:24,00:39:24,15,,1785429556,0.000275221,0.275220569,1.363281864,385.239946,11.70017581,1.183449724,38.96626131,0.006086058,1.386287636,0.006071254,0.003795861,287.42354,37.6028325,35.61702667,5.844259569,25.99079235,1.42377854,5.478011294,4.420481029,-12.13722708,-87.36469539,-14.72262403,173.1989935,2.264344379,0.29459028,1.363281864,395.5005033,392.0616485,0.285589092,60.85318178,0.275220569,13.76657228,14.10178667,0.005459929,69.65,44,10,1.00350375,0.350374996,25203.94749,1499.966,1261.18644,0.840810018,0.191620037,6,0.5,0: Broadleaf,2,TRUE,1785429556,385.2724,388.4979333,14.07618667,13.68228667,398.4788,15.25428,440.8454,101.048,0.100029213,34.44807333,35.61702667,999.9,0,0,5006.584,0,65.26616667,-3.225414667,390.773,393.8872667,0.393921,388.4979333,13.68228667,1.422372667,1.382568,12.15826667,11.7276,1499.966,0.972997333,0.027002693,0,1.97952,0,14683.74,12843.59333,44.687,46.437,45.625,45.19546667,44.7248,1459.466,40.5,0,1785429561,0,1785426033,23:40:33,1785426030,1785426033,1,0.085,-0.146,-13.206,-1.178,388,11,0.33,0.11,-2.666451,-12.76936331,1.397447318,0,0.39881,-0.256571459,0.056701595,0,0,2,0/2,3.01525,2.7594,0.0906395,0.0899496,0.0788793,0.07344,32111.2,23136.7,33442.5,25714.2,39414.9,32242.8,48869.3,40181.7,1.757,2.62567,0.237808,0,31.7947,999.9,43.902,32.791,21.6948,29.0891,-100,3,0.365861,0,20.2453,5.20157,11.956,4.96955,3.29402,9999,9999,7164.9,136.7,4.97367,1.873,1.87086,1.87238,1.87286,1.87376,1.87332,1.87775,0,0,0,0,11111111,oooooooo,on,on,on,on,0,100,100,-13.206,-1.1781,-13.2064,0,0,0,-1.178090909,0,0,0,-1,-1,-1,-1,58.9,58.9,0.155029,4.99756,2.64526,2.7478,2.8479,2.25342,36.3165,15.6906,2,382.822,1226.4,32.4664,32.2588,29.9999,32.1943,32.1148,-1,40,10,-999.9,400,20,101.539,94.3009
31,1785429684,3607,20260731 00:41:24,00:41:24,15,,1785429676,0.000183421,0.183421087,0.610756283,419.1191813,163.2398137,16.51147628,42.39331242,0.004158916,1.385618307,0.004151993,0.002595617,287.4270445,37.6788767,35.67681333,5.863550038,28.41612966,1.559099579,5.486671119,4.304450459,-8.088869953,-89.66614745,-15.12425891,174.5477682,-0.948552277,0.171836872,0.610756283,419.6852683,422.6807455,-0.704113511,60.85318178,0.183421087,15.04698652,15.35970485,-0.010727894,69.65,44,10,1.003506762,0.350676178,25182.37639,1499.984667,1261.202099,0.840809994,0.191619988,6,0.5,0: Broadleaf,2,TRUE,1785429676,419.1337333,417.9454667,15.41395333,15.18454,432.3400667,16.59204667,440.9186667,101.0486,0.09998566,34.47648667,35.67681333,999.9,0,0,5003.250667,0,48.88444,1.188212667,425.6954667,424.3901333,0.2294066,417.9454667,15.18454,1.557559333,1.534378,13.54520667,13.31478667,1499.984667,0.973001133,0.026998833,0,1.946633333,0,14532.68,12843.78,44.75,46.562,45.687,45.1996,44.78306667,1459.486667,40.49933333,0,1785429681,0,1785426033,23:40:33,1785426030,1785426033,1,0.085,-0.146,-13.206,-1.178,388,11,0.33,0.11,-0.310433333,32.27983169,3.75433094,0,0.179529048,1.055938449,0.114176183,0,0,2,0/2,3.01509,2.75948,0.0956369,0.0939625,0.0840085,0.0786868,31931.1,23030.1,33438.6,25709,39182.4,32051.8,48864.1,40174.8,1.75633,2.6262,0.245169,0,31.718,999.9,47.125,32.901,23.4312,29.0591,-100,3,0.369327,0,20.2448,5.20441,11.956,4.96925,3.29405,9999,9999,7164.9,136.8,4.97368,1.87302,1.87086,1.87241,1.87286,1.87377,1.87332,1.87775,0,0,0,0,11111111,oooooooo,on,on,on,on,0,100,100,-13.206,-1.1781,-13.2064,0,0,0,-1.178090909,0,0,0,-1,-1,-1,-1,60.9,60.9,0.155029,4.99756,2.64526,2.7478,2.8479,2.26196,36.4107,15.6906,2,382.572,1227.49,32.5126,32.2813,30.0006,32.2118,32.1316,-1,40,10,-999.9,400,20,101.528,94.2836
32,1785429804,3727,20260731 00:43:24,00:43:24,15,,1785429796,0.000146495,0.146494792,0.949223685,403.1255034,-71.20027468,-7.202161662,40.77758209,0.003287648,1.385380732,0.00328332,0.002052463,287.4332867,37.79615869,35.7708,5.893987149,28.03666886,1.546723663,5.516788283,4.347263487,-6.460420318,-89.31268291,-15.08134832,176.5788351,-1.46224024,0.234433469,0.949223685,407.9835547,407.3360727,-0.121712115,60.85318178,0.146494792,15.04727575,15.25324545,-0.001566942,69.65,44,10,1.00350887,0.350886988,25167.29992,1500.016667,1261.22906,0.840810031,0.191620062,6,0.5,0: Broadleaf,2,TRUE,1785429796,403.1481333,401.2949333,15.29084667,14.978,416.3547333,16.46892667,441.1664,101.0535333,0.100032353,34.575,35.7708,999.9,0,0,5001.834,0,62.84258667,1.8533124,409.4086,407.397,0.312838733,401.2949333,14.978,1.545192667,1.513581333,13.42280667,13.10594,1500.016667,0.972998533,0.02700148,0,2.075986667,0,14383.82667,12844.03333,44.833,46.687,45.812,45.30786667,44.8582,1459.514667,40.502,0,1785429801,0,1785426033,23:40:33,1785426030,1785426033,1,0.085,-0.146,-13.206,-1.178,388,11,0.33,0.11,3.226738381,-30.94976377,3.432865074,0,0.329867952,-0.682921169,0.089219462,0,0,2,0/2,3.01542,2.75941,0.0931029,0.0923083,0.0836066,0.0785899,32014.7,23068.4,33432.8,25705.2,39193.7,32050,48856.7,40169.5,1.75668,2.62388,0.249311,0,31.734,999.9,46.698,33.012,23.3617,29.0591,-100,3,0.374527,0,20.2449,5.20411,11.956,4.96955,3.294,9999,9999,7164.9,136.8,4.97368,1.87298,1.87085,1.87241,1.87286,1.87378,1.87331,1.87775,0,0,0,0,11111111,oooooooo,on,on,on,on,0,100,100,-13.206,-1.1781,-13.2064,0,0,0,-1.178090909,0,0,0,-1,-1,-1,-1,62.9,62.9,0.155029,4.99756,2.64526,2.74658,2.8479,2.23633,36.4578,15.6556,2,383.016,1224.87,32.5712,32.3434,30.0001,32.2542,32.1667,-1,40,10,-999.9,400,20,101.511,94.2705
33,1785429924,3847,20260731 00:45:24,00:45:24,15,,1785429916,0.000136637,0.136636663,0.720391211,408.5016662,19.42639069,1.965124647,41.32299744,0.003085969,1.384153301,0.003082152,0.001926688,287.4223288,37.83534125,35.75069333,5.88746419,28.37646072,1.568255813,5.526608226,4.319208378,-6.025676846,-85.34373219,-14.42476213,181.6281577,-0.239681856,0.162214105,0.720391211,414.2362966,414.0223818,-0.143314912,60.85318178,0.136636663,15.24318686,15.46846182,-0.006834249,69.65,44,10,1.003514194,0.351419434,25129.30149,1499.960667,1261.181861,0.840809955,0.191619911,6,0.5,0: Broadleaf,2,TRUE,1785429916,408.5188667,408.2844667,15.50311333,15.28697333,421.7253333,16.68119333,441.7448667,101.0574667,0.10000918,34.60702,35.75069333,999.9,0,0,4995.583333,0,68.29312,0.234411267,414.952,414.6231333,0.2161374,408.2844667,15.28697333,1.566706667,1.544862,13.63516667,13.41942,1499.960667,0.9730006,0.026999353,0,1.937713333,0,14233.93333,12843.55333,44.91633333,46.75,45.854,45.5,44.937,1459.462667,40.49666667,0,1785429921,0,1785426033,23:40:33,1785426030,1785426033,1,0.085,-0.146,-13.206,-1.178,388,11,0.33,0.11,0.111960048,8.068110803,1.47109724,0,0.185618571,0.580070852,0.074613558,0,0,2,0/2,3.01569,2.75941,0.0941304,0.0920264,0.0844753,0.0790626,31978.7,23075.5,33433.2,25705.2,39155.6,32033.4,48857.3,40170.1,1.75747,2.6223,0.25259,0,31.6875,999.9,46.783,33.113,23.5362,28.8191,-100,3,0.374576,0,20.2447,5.20471,11.956,4.969,3.294,9999,9999,7164.9,136.8,4.97367,1.87302,1.87085,1.87241,1.87286,1.87377,1.87332,1.87775,0,0,0,0,11111111,oooooooo,on,on,on,on,0,100,100,-13.206,-1.1781,-13.2064,0,0,0,-1.178090909,0,0,0,-1,-1,-1,-1,64.9,64.8,0.155029,4.99756,2.64526,2.74658,2.8479,2.27783,36.5287,15.6381,2,383.546,1222.95,32.6141,32.3652,30.0001,32.2716,32.1837,-1,40,10,-999.9,400,20,101.513,94.2712
34,1785430044,3967,20260731 00:47:24,00:47:24,15,,1785430036,0.000248367,0.24836707,0.746377861,387.8626854,150.8832406,15.26331986,39.23611531,0.005501347,1.386186447,0.005489247,0.003431864,287.4264256,37.80299734,35.78326,5.898032544,26.88281225,1.488039889,5.53528357,4.409992655,-10.95298778,-85.79193389,-14.48353542,176.1979685,0.789345327,0.207445573,0.746377861,393.768741,393.353703,-0.112819447,60.85318178,0.24836707,14.38125662,14.71666364,-0.000458962,69.65,44,10,1.00350636,0.350636038,25185.24914,1499.978667,1261.197319,0.840810171,0.191620342,6,0.5,0: Broadleaf,2,TRUE,1785430036,387.8804667,389.0587333,14.70979333,14.43302,401.0868,15.88789333,441.5221333,101.0598,0.10000936,34.63526667,35.78326,999.9,0,0,5005.5,0,78.22499333,-1.178192067,393.6712667,394.7563333,0.276762667,389.0587333,14.43302,1.486568667,1.458599333,12.83070667,12.54088667,1499.978667,0.972996867,0.0270032,0,2.065066667,0,14093.86667,12843.7,44.9454,46.812,45.87913333,45.6208,45,1459.471333,40.508,0,1785430041,0,1785426033,23:40:33,1785426030,1785426033,1,0.085,-0.146,-13.206,-1.178,388,11,0.33,0.11,-1.97354905,14.87584805,1.488785289,0,0.23853415,0.756023594,0.074803593,0,0,2,0/2,3.01588,2.75951,0.0907164,0.0893033,0.0813889,0.0758721,32098.9,23146.3,33433,25707.1,39292.7,32148,48857.4,40172.8,1.7583,2.62455,0.247404,0,31.7964,999.9,44.115,33.193,22.2925,29.1492,-100,3,0.37499,0,20.245,5.20366,11.956,4.9696,3.29402,9999,9999,7164.9,136.9,4.97367,1.87302,1.87087,1.8724,1.87286,1.87378,1.87332,1.87775,0,0,0,0,11111111,oooooooo,on,on,on,on,0,100,100,-13.206,-1.1781,-13.2064,0,0,0,-1.178090909,0,0,0,-1,-1,-1,-1,66.9,66.8,0.155029,4.99756,2.64526,2.74536,2.8479,2.25342,36.5996,15.603,2,384.07,1226.48,32.6666,32.3769,29.9999,32.2859,32.1979,-1,40,10,-999.9,400,20,101.513,94.278
35,1785430164,4087,20260731 00:49:24,00:49:24,15,,1785430156,0.000167071,0.16707083,0.958634454,385.721671,-40.70502484,-4.117786216,39.02022874,0.003709761,1.385461506,0.003704251,0.002315651,287.4315067,37.91723314,35.83467333,5.914750463,27.34656341,1.519770561,5.557446243,4.394979902,-7.3678236,-84.21038288,-14.23251653,181.6207837,0.089880695,0.205123291,0.958634454,391.5716657,390.8066242,-0.10251828,60.85318178,0.16707083,14.73396071,14.99164909,-0.005428268,69.65,43,10,1.003430055,0.34300546,25158.48721,1500.006667,1261.22072,0.840810076,0.191620153,6,0.5,0: Broadleaf,2,TRUE,1785430156,385.7445333,385.974,15.02319333,14.74932667,398.9508667,16.20128667,441.1062667,101.0616,0.100019027,34.70725333,35.83467333,999.9,0,0,5001.833333,0,86.10171333,-0.2294568,391.6280667,391.7521333,0.273856133,385.974,14.74932667,1.518265333,1.490589333,13.15334667,12.87192,1500.006667,0.972999267,0.027000733,0,2.080893333,0,13951.4,12843.93333,45.062,46.89153333,45.9538,45.687,45.0788,1459.502667,40.504,0,1785430161,0,1785426033,23:40:33,1785426030,1785426033,1,0.085,-0.146,-13.206,-1.178,388,11,0.33,0.11,-0.59340905,4.676842241,0.889693213,0,0.24806615,0.424021218,0.057975767,0,0,2,0/2,3.01565,2.75954,0.0902849,0.0885963,0.0825449,0.0771858,32115.8,23164.8,33434.7,25707.8,39242.9,32102.5,48859.8,40174.2,1.75802,2.62145,0.24686,0,31.856,999.9,44.445,33.294,22.5875,29.0592,-100,3,0.373255,0,20.2447,5.20396,11.956,4.96895,3.294,9999,9999,7164.9,136.9,4.97368,1.87302,1.87085,1.8724,1.87286,1.87377,1.87332,1.87775,0,0,0,0,11111111,oooooooo,on,on,on,on,0,100,100,-13.207,-1.1781,-13.2064,0,0,0,-1.178090909,0,0,0,-1,-1,-1,-1,68.9,68.8,0.155029,4.99756,2.64526,2.74658,2.8479,2.30957,36.6469,15.603,2,383.924,1222.09,32.7196,32.3738,30,32.2859,32.2007,-1,40,10,-999.9,400,20,101.518,94.2809
36,1785430284,4207,20260731 00:51:24,00:51:24,15,,1785430276,0.000184631,0.184631319,0.92639713,385.7432099,7.580187898,0.766824199,39.02241367,0.004078902,1.384381207,0.004072237,0.002545746,287.4337067,37.94850233,35.89998667,5.936047556,27.26531617,1.518466485,5.569223827,4.417581071,-8.142241179,-86.17180077,-14.58272518,178.5369395,1.653553442,0.194566987,0.92639713,393.2444307,391.9473273,0.002734161,60.85318178,0.184631319,14.6573236,14.96609455,-0.009724134,69.65,43,10,1.003434728,0.343472762,25124.37552,1500.022667,1261.23374,0.840809788,0.191619576,6,0.5,0: Broadleaf,2,TRUE,1785430276,385.7653333,388.1148,15.0103,14.74987333,398.9715333,16.18838667,440.0021333,101.0616667,0.099968,34.74540667,35.89998667,999.9,0,0,4996.5,0,101.60368,-2.349469,391.6439333,393.9251333,0.260439547,388.1148,14.74987333,1.516963333,1.490643333,13.14021333,12.87224,1500.022667,0.973007,0.0269928,0,2.097313333,0,13802.06667,12844.09333,45.125,46.9958,46.02893333,45.75826667,45.1746,1459.532667,40.49,0,1785430281,0,1785426033,23:40:33,1785426030,1785426033,1,0.085,-0.146,-13.206,-1.178,388,11,0.33,0.11,-2.00206475,-1.867991504,0.917674068,0,0.2186433,0.902958171,0.118623649,0,0,2,0/2,3.01435,2.75964,0.0905531,0.0902701,0.0824256,0.077293,32106.8,23122.8,33435.1,25708.2,39249,32099.7,48860.6,40174.9,1.7559,2.62415,0.242442,0,31.9793,999.9,44.115,33.385,22.5339,29.0591,-100,3,0.372249,0,20.2446,5.20411,11.956,4.96875,3.294,9999,9999,7164.9,136.9,4.97367,1.87302,1.87084,1.87241,1.87286,1.87377,1.87332,1.87775,0,0,0,0,11111111,oooooooo,on,on,on,on,0,100,100,-13.206,-1.178,-13.2064,0,0,0,-1.178090909,0,0,0,-1,-1,-1,-1,70.9,70.8,0.155029,4.99756,2.64526,2.74658,2.8479,2.22168,36.718,15.5505,2,382.746,1225.8,32.7788,32.3595,30.0001,32.2769,32.1922,-1,40,10,-999.9,400,20,101.519,94.2825
37,1785430404,4327,20260731 00:53:24,00:53:24,15,,1785430396,-8.7584E-05,-0.08758404,1.452229079,406.3374936,1533.386349,155.1172526,41.1050716,-0.001939755,1.385478565,-0.001941265,-0.001213155,287.4245867,38.10347773,35.92792667,5.945178437,27.80518476,1.550231386,5.575332082,4.39494705,3.862456144,-86.85110288,-14.68945033,189.7464896,11.64954659,-0.27951092,1.452229079,435.6448497,424.2736,1.72128631,60.85318178,-0.08758404,15.87019887,15.55127879,0.032392706,69.65,44,10,1.003510689,0.351068866,25154.30709,1499.974667,1261.19342,0.840809814,0.191619627,6,0.5,0: Broadleaf,2,TRUE,1785430396,406.3721333,421.9947333,15.32456,15.69728,419.5786667,16.50265333,441.4837333,101.0599333,0.09999466,34.76516667,35.92792667,999.9,0,0,5002,0,95.92313333,-15.62256667,412.6975333,428.7258,-0.372724067,421.9947333,15.69728,1.548698,1.586366667,13.45704,13.82633333,1499.974667,0.973005,0.02699484,0,2.1197,0,13651.73333,12843.66667,45.125,47,46.0872,45.75413333,45.187,1459.484667,40.49,0,1785430401,0,1785426033,23:40:33,1785426030,1785426033,1,0.085,-0.146,-13.206,-1.178,388,11,0.33,0.11,-14.62643905,-17.49184675,2.411579589,0,-0.355840667,-0.304887117,0.039725559,0,0,2,0/2,3.01529,2.75943,0.0961521,0.0968445,0.0849322,0.0816417,31909.2,22954.3,33435,25706.4,39138.4,31945.3,48860.8,40172.9,1.75732,2.62287,0.249177,0,31.9014,999.9,45.599,33.475,23.4117,29.3892,-100,3,0.372195,0,20.2445,5.20381,11.956,4.96875,3.294,9999,9999,7164.9,137,4.97369,1.87301,1.87088,1.87239,1.87286,1.87378,1.87332,1.87775,0,0,0,0,11111111,oooooooo,on,on,on,on,0,100,100,-13.206,-1.1781,-13.2064,0,0,0,-1.178090909,0,0,0,-1,-1,-1,-1,72.9,72.8,0.155029,4.99756,2.64526,2.74536,2.8479,2.26562,36.7654,15.5505,2,383.482,1223.96,32.7906,32.352,30.0002,32.2742,32.1922,-1,40,10,-999.9,400,20,101.519,94.2771
38,1785430524,4447,20260731 00:55:24,00:55:24,15,,1785430516,0.000241677,0.241677434,0.544028051,386.7989588,204.7561587,20.71281189,39.12797604,0.005419878,1.385396972,0.005408126,0.003381132,287.42978,37.86115203,35.82784,5.912526119,28.07985333,1.558916173,5.551724773,4.353609946,-10.65797484,-85.08231953,-14.37877784,177.3107078,-0.080410262,0.45994675,0.544028051,392.2751985,392.1463091,-0.11429682,60.85318178,0.241677434,14.61010336,15.16200061,-0.036326686,69.65,43,10,1.003430084,0.343008401,25158.27221,1500.002,1261.21638,0.840809799,0.191619598,6,0.5,0: Broadleaf,2,TRUE,1785430516,386.8119333,386.9453333,15.41064,14.79494,400.0183333,16.58874,439.7788667,101.0585333,0.099898327,34.68869333,35.82784,999.9,0,0,5001.666667,0,104.5552667,-0.133339427,392.8662667,392.7562667,0.615701867,386.9453333,14.79494,1.557376,1.495155333,13.54276,12.91732667,1500.002,0.973004,0.02699586,0,2.084646667,0,13512.21333,12843.9,45.125,47,46.062,45.7374,45.17873333,1459.512,40.49,0,1785430521,0,1785426033,23:40:33,1785426030,1785426033,1,0.085,-0.146,-13.206,-1.178,388,11,0.33,0.11,-0.120570375,0.486659905,0.190074916,0,0.46248772,2.245817856,0.247914913,0,0,2,0/2,3.01277,2.75934,0.0904723,0.0890075,0.083099,0.0761326,32105.1,23151.5,33430.5,25704.6,39214.3,32136.5,48855,40170.3,1.75327,2.6246,0.245087,0,31.8611,999.9,43.707,33.566,22.5564,28.9092,-100,3,0.376408,0,20.2445,5.20516,11.956,4.96925,3.29405,9999,9999,7164.9,137,4.97369,1.87302,1.87088,1.87241,1.87286,1.87378,1.87332,1.87776,0,0,0,0,11111111,oooooooo,on,on,on,on,0,100,100,-13.206,-1.1781,-13.2064,0,0,0,-1.178090909,0,0,0,-1,-1,-1,-1,74.9,74.8,0.155029,4.99756,2.64526,2.74536,2.8479,2.24243,36.8604,15.533,2,381.505,1226.91,32.8002,32.3938,30.0001,32.3006,32.2149,-1,40,10,-999.9,400,20,101.507,94.2708