obs,time,elapsed,date,hhmmss,averaging,TIME,E,Emm,A,Ca,Ci,Pci,Pca,gsw,gbw,gtw,gtc,Rabs,TleafEB,TleafCnd,SVPleaf,RHcham,VPcham,SVPcham,VPDleaf,LatHFlux,SenHFlux,NetTherm,EBSum,Asty,Esty,Adyn,Crd,Csd,dCsd/dt,αVc,Edyn,Hr,Hs,dHs/dt,αVh,Leak,LeakPct,CorrFact,CorrFactPct,Fan,Qin,Qabs,alpha,convert,S,K,Geometry,Custom,UseDynamic,TIME,CO2_s,CO2_r,H2O_s,H2O_r,CO2_a,H2O_a,Flow,Pa,ΔPcham,Tair,Tleaf,Tleaf2,Offset,Offset2,Fan_speed,Qamb_in,Qamb_out,ΔCO2,CO2_s_d,CO2_r_d,ΔH2O,CO2_b,H2O_b,e_s,e_r,Td_s,Td_r,Q,f_red,f_blue,f_farred,F,Q_modavg,F_dc,Pc,Tled,TDigital,TPreamp,TPwrSpy,TDrive,Q_red,Q_blue,Q_farred,TSPF,state,time,hhmmss,co2_t,h2o_t,count,co2_adj,h2o_adj,co2_match,h2o_match,co2_at,h2o_at,co2_cv,h2o_cv,ΔCO2:MN,ΔCO2:SLP,ΔCO2:SD,ΔCO2:OK,F:MN,F:SLP,F:SD,F:OK,ΔH2O:MN,ΔH2O:SLP,ΔH2O:SD,ΔH2O:OK,Stable,Total,State,Vflow,VPchamber,abs_c_a,abs_c_b,abs_h_a,abs_h_b,Wc_s,Wc_r,Wco_s,Wco_r,Ww_s,Ww_r,Wwo_s,Wwo_r,Flow_s_v,Flow_r_v,Tleaf_mv,Tleaf2_mv,Tleaf_j,Tleaf2_j,Console_RH,Console_T,Console_H2O,Fan_%,Flow_%,Pump,Tchp_pwm,Txchg_pwm,diag_20v,diag_5_4v,diag_12v,diag_5va,diag_3_3vf,AccCO2_soda,AccH2O_des,AccH2O_hum,CO2_hrs,ADC_CH1,ADC_CH2,ADC_CH3,ADC_CH4,ADC_CH5,ADC_CH6,ADC_CH7,ADC_CH8,DAC_1,DAC_2,DAC_3,DAC_4,GPIO,GPIO_dir,excit_5v,power_12v,power_5v,ch1_pullup,AuxPower,MatchValveR,MatchValveS,MatchCO2,MatchH2O,cf_co2_a,cf_co2_b,cf_co2_c,cf_co2_d,cf_h2o_a,cf_h2o_b,cf_h2o_c,cf_h2o_d,co2_fit_low,co2_fit_high,h2o_fit_low,h2o_fit_high,co2_elapsed,h2o_elapsed,CO2_f,CO2_f_s,Pump_f,Pump_f_s,Pump_p,Pump_p_s,Tboard,V_system,DIAG,Flow_s,Flow_r,Txchg,Tirga,Tchopper,Ts,Tr,CO2_%,Desiccant_%,Humidifier_%,Txchg_sp,CO2_r_sp,H2O_r_sp,SS_s,SS_r
1,1785427490,0,20260730 11:04:49,11:04:49,15,1785427482,0.002724798,2.724797749,5.418423451,352.0540333,234.7815505,23.75843202,35.62567758,0.08600983,2.948448993,0.084639892,0.053021198,266.1489414,31.83504419,31.06551333,4.5282576,30.29763812,1.365410341,4.506656047,3.16284726,-120.1635807,-13.33329489,-1.015726677,131.6363391,4.894544497,2.706027729,5.418423451,363.4843143,356.2538061,-0.107164854,66.79645832,2.724797749,9.733160342,13.54651394,0.010333203,78.43,0,0,1,0,52749.12783,1500.000667,1273.86006,0.849239663,0.177432549,6,0.5,0: Broadleaf,2,TRUE,1785427482,352.0540333,360.5196667,13.49302667,9.628084667,390.7833667,17.07102667,414.4199667,101.0938,0.099977667,30.98163333,31.06551333,999.9,0,0,9998.767,0,61.93564667,-8.465632,356.8694333,364.0245667,3.864937667,360.5196667,9.628084667,1.364060667,0.973339033,11.52388333,6.522937,1500.000667,0.6920105,0.3079895,0,2.62349,0,17394.65,13609.61,43.4664,44.937,44.25,43.687,43.25,1038.017333,461.9833333,0,1785427435,0,1785427240,11:00:39,1785427240,1785427236,1,1.636,0.249,-38.729,-3.578,364,10,0.56,0.03,-9.254039268,13.58120822,1.405202707,0,2.5636,0.826924365,0.228046857,1,3.873290976,-0.32172899,0.053445494,0,1,3,1/3,2.99217,2.76512,0.0962044,0.0911788,0.0911851,0.0596189,27927.7,18674.4,31670.4,22379.6,38766.8,28623.2,45485.2,32754.7,1.73272,2.67622,0.113875,0,29.2276,999.9,55,28,20.6455,61.6603,-100,3,0.208948,0,20.3078,5.21759,12.0318,4.95975,3.301,7709.5,9999,9999,138.1,4.97294,1.87515,1.88141,1.88095,1.87867,1.87433,1.87444,1.87675,0,0,0,0,11111111,oooooooo,on,on,on,on,0,100,100,-38.729,-3.578,-38.7293,0,0,0,-3.578004286,0,0,0,-1,-1,-1,-1,4.2,4.2,0.158691,4.99878,2.89795,2.90649,2.99805,2.27051,32.6426,16.0408,2,433.649,1362.83,29.8566,29.9929,30.0006,29.6315,29.4535,-1,40,10,-999.9,400,20,99.5259,86.0295
2,1785427610,120,20260730 11:06:49,11:06:49,15,1785427602,0.002893118,2.893118255,5.226362856,369.6405484,260.7552551,26.3832128,37.40022513,0.091528531,2.947992487,0.089978625,0.056373707,266.1501987,31.96068755,31.22066452,4.568451338,31.01585612,1.411306083,4.550272858,3.157145255,-127.5865151,-11.12884076,-0.849280104,126.5855628,11.46687435,2.757028302,5.226362856,389.0652106,380.1750909,0.189794494,66.79645832,2.893118255,9.882257071,14.00023152,0.003107664,78.43,0,0,1,0,52706.40882,1500.004839,1273.863871,0.849239841,0.177432893,6,0.5,0: Broadleaf,2,TRUE,1785427602,369.6405484,387.7681935,13.94847097,10.00154065,408.3697419,17.52647742,413.2688065,101.08,0.099984971,31.15064194,31.22066452,999.9,0,0,9997.53871,0,34.00837097,-18.12757129,374.8695484,391.6859355,3.946920323,387.7681935,10.00154065,1.409912258,1.010956968,12.02459032,7.074797419,1500.004839,0.692005645,0.307994355,0,2.733358065,0,16399.39677,13609.63871,43.657,45.12296774,44.437,43.75,43.379,1038.01129,461.9935484,0,1785427555,0,1785427240,11:00:39,1785427240,1785427236,1,1.636,0.249,-38.729,-3.578,364,10,0.56,0.03,-16.67261585,10.01751157,8.646186563,0,2.736764706,-0.347089387,0.169913009,1,3.947921463,0.204316934,0.091092288,0,1,3,1/3,2.99117,2.76488,0.100541,0.0937759,0.092851,0.0605643,27788.9,18617.1,31665.7,22375.4,38690.2,28588.6,45479.1,32748.2,1.7294,2.67188,0.113979,0,29.3584,999.9,55.3,28.3,21.1268,61.9903,-100,3,0.22143,0,20.3076,5.21744,12.0311,4.95975,3.301,7709.5,9999,9999,138.1,4.97287,1.87515,1.88141,1.88095,1.87866,1.87434,1.8744,1.87672,0,0,0,0,11111111,oooooooo,on,on,on,on,0,100,100,-38.729,-3.578,-38.7293,0,0,0,-3.578004286,0,0,0,-1,-1,-1,-1,6.2,6.2,0.158691,4.99878,2.89795,2.90527,2.99805,2.30347,32.8647,16.0496,2,432.993,1361.03,30.0482,30.1661,30.0004,29.8274,29.6557,-1,40,10,-999.9,400,20,99.5119,86.013
3,1785427730,240,20260730 11:08:49,11:08:49,15,1785427722,0.002959762,2.959762434,5.579637852,349.4734516,237.3487063,24.01663694,35.36221931,0.093397583,2.948426962,0.091784565,0.057507956,266.1497535,32.03631756,31.27579032,4.582806949,30.96721702,1.416571661,4.574423527,3.166235288,-130.5255233,-5.11426806,-0.390514923,130.1194472,4.486996998,3.179952155,5.579637852,360.9741561,353.4418061,-0.10332249,66.79645832,2.959762434,9.435980804,13.82264061,-0.017996701,78.43,0,0,1,0,52702.92963,1500.000645,1273.860465,0.849239944,0.177433093,6,0.5,0: Broadleaf,2,TRUE,1785427722,349.4734516,357.6245806,13.99952258,9.434332581,388.2028065,17.57753226,412.088129,101.0870645,0.100076158,31.24361613,31.27579032,999.9,0,0,9999.308065,0,64.44307742,-8.151109032,354.4355484,361.0307742,4.565186774,357.6245806,9.434332581,1.415169032,0.953688355,12.08059355,6.227312258,1500.000645,0.692002613,0.307997387,0,2.629922581,0,17013.45806,13609.58387,43.8,45.25,44.562,43.923,43.558,1038.003226,461.9974194,0,1785427675,0,1785427240,11:00:39,1785427240,1785427236,1,1.636,0.249,-38.729,-3.578,364,10,0.56,0.03,-7.588859512,-10.87804432,1.178190535,0,2.667811765,-0.356039724,0.217695956,1,4.533306341,0.054215331,0.126170141,1,2,3,2/3,2.99036,2.76484,0.0955846,0.0900325,0.0921312,0.0585534,27941.3,18697.7,31665.4,22380.2,38720.6,28657.6,45478.6,32757.4,1.72765,2.66727,0.123873,0,29.2697,999.9,53.7,28.6,20.876,62.0204,-100,3,0.229096,0,20.3079,5.21879,12.0293,4.96,3.301,7709.5,9999,9999,138.2,4.97295,1.87516,1.88145,1.88095,1.87867,1.87435,1.87444,1.87675,0,0,0,0,11111111,oooooooo,on,on,on,on,0,100,100,-38.729,-3.578,-38.7293,0,0,0,-3.578004286,0,0,0,-1,-1,-1,-1,8.2,8.2,0.158691,4.99878,2.89795,2.90405,2.99805,2.27295,33.0429,16.0321,2,432.856,1357.67,30.1632,30.2789,30.0004,29.964,29.8018,-1,40,10,-999.9,400,20,99.5108,86.0348
4,1785427850,360,20260730 11:10:49,11:10:49,15,1785427842,0.003033595,3.033594789,5.453370939,360.2185806,251.989422,25.4993599,36.45130482,0.09580374,2.94893614,0.094107642,0.058967163,266.1497212,32.20948087,31.47633548,4.635363972,31.82499716,1.471830194,4.624761432,3.163533778,-133.7815302,-6.406503873,-0.490051076,125.4716361,9.651436978,2.971010943,5.453370939,379.2767296,369.6574182,0.242855775,66.79119883,3.033594789,10.12631408,14.54746424,-0.007475195,78.43,0,0,1,0,52684.34295,1500.007419,1273.865578,0.849239518,0.17743227,6,0.5,0: Broadleaf,2,TRUE,1785427842,360.2185806,375.8707097,14.5449,10.27071935,398.9478387,18.12290645,410.9977742,101.0922258,0.099958,31.43603871,31.47633548,999.9,0,0,10001.69032,0,59.41756774,-15.65219355,365.5351935,379.7712903,4.274187419,375.8707097,10.27071935,1.470377419,1.038290645,12.66353226,7.464323871,1500.007419,0.692016935,0.307983065,0,2.773677419,0,16851.66774,13609.7129,43.937,45.383,44.69919355,44.03,43.661,1038.029677,461.9783871,0,1785427795,0,1785427240,11:00:39,1785427240,1785427236,1,1.636,0.249,-38.729,-3.578,364,10,0.56,0.03,-15.39839268,1.560537282,3.228478213,0,2.771191176,0.407732621,0.229269377,1,4.218421707,1.099756098,0.126133681,0,1,3,1/3,2.98878,2.76486,0.098578,0.0935163,0.0948835,0.0617199,27845.7,18619.4,31662.3,22372.5,38598.6,28548.8,45473.9,32743.4,1.7238,2.66782,0.122607,0,29.5141,999.9,54.8,28.8,21.5502,62.1104,-100,3,0.237383,0,20.3078,5.21729,12.0312,4.95975,3.301,7709.5,9999,9999,138.2,4.97295,1.87515,1.88149,1.88095,1.87866,1.87437,1.87442,1.87674,0,0,0,0,11111111,oooooooo,on,on,on,on,0,100,100,-38.729,-3.578,-38.7293,0,0,0,-3.578004286,0,0,0,-1,-1,-1,-1,10.2,10.2,0.158691,4.99878,2.89795,2.90405,2.99805,2.30591,33.1992,16.0321,2,431.482,1361.53,30.3257,30.3864,30.0006,30.0951,29.9423,-1,40,10,-999.9,400,20,99.5008,86.0008
5,1785427970,480,20260730 11:12:49,11:12:49,15,1785427962,0.003061454,3.061454445,5.792104462,353.6291613,238.9574695,24.18120413,35.78535944,0.094902237,2.948934563,0.09323761,0.058420634,266.1504061,32.3304988,31.57542258,4.661524975,30.88832073,1.438957749,4.658581997,3.222567226,-135.010141,-1.768300796,-0.13541382,129.2365505,6.153419421,3.028571016,5.792104462,367.7704756,359.1771394,0.005800785,66.79119883,3.061454445,9.841324866,14.24610667,0.001181818,78.43,0,0,1,0,52662.1609,1500.01,1273.867887,0.849239596,0.177432421,6,0.5,0: Broadleaf,2,TRUE,1785427962,353.6291613,364.1953548,14.21970968,9.853203871,392.3584194,17.79771935,410.2372581,101.0945806,0.100013448,31.5643,31.57542258,999.9,0,0,10001.44839,0,72.53219032,-10.56621581,358.7301935,367.8195806,4.36650871,364.1953548,9.853203871,1.437537097,0.996106161,12.31947419,6.859516129,1500.01,0.692014,0.307986,0,2.698196774,0,16777.74194,13609.72581,44,45.49593548,44.774,44.187,43.794,1038.027097,461.9829032,0,1785427915,0,1785427240,11:00:39,1785427240,1785427236,1,1.636,0.249,-38.729,-3.578,364,10,0.56,0.03,-10.86429537,6.109787038,0.715710524,0,2.719258824,-0.619126047,0.209176365,1,4.350476341,0.261916934,0.037257788,0,1,3,1/3,2.9882,2.76479,0.0965868,0.0911269,0.0937277,0.0605416,27906.7,18671.1,31662.1,22376,38648.3,28590.7,45474,32750.5,1.72253,2.66472,0.120945,0,29.6227,999.9,53,29,21.0838,61.9904,-100,3,0.245478,0,20.3077,5.21729,12.0324,4.9598,3.301,7709.5,9999,9999,138.2,4.97286,1.87517,1.88149,1.88096,1.87866,1.87439,1.87448,1.87678,0,0,0,0,11111111,oooooooo,on,on,on,on,0,100,100,-38.729,-3.578,-38.7293,0,0,0,-3.578004286,0,0,0,-1,-1,-1,-1,12.2,12.2,0.158691,4.99878,2.89795,2.90405,2.99805,2.31812,33.3784,16.0321,2,431.51,1359.83,30.47,30.4966,30.0004,30.2159,30.0671,-1,40,10,-999.9,400,20,99.5007,86.0175
6,1785428090,600,20260730 11:14:49,11:14:49,15,1785428082,0.003066333,3.066333181,5.709073095,359.0954839,245.4898311,24.84309451,36.33976612,0.094888878,2.949201591,0.093224862,0.058412614,266.1487835,32.45026751,31.73172258,4.703052708,31.46820723,1.476088279,4.690728862,3.226964428,-135.2252933,-7.354909959,-0.563946907,123.0046334,7.924635258,2.962647469,5.709073095,376.8046094,366.7495576,0.246077422,66.79119883,3.066333181,10.31750747,14.67308242,0.009442052,78.43,0,0,1,0,52648.95265,1499.99129,1273.852877,0.849240183,0.177433553,6,0.5,0: Broadleaf,2,TRUE,1785428082,359.0954839,372.268,14.58613226,10.30774839,397.8249677,18.16413548,409.4210323,101.0980968,0.099962658,31.68546452,31.73172258,999.9,0,0,10002.61774,0,52.74419355,-13.17241516,364.4109677,376.1453226,4.278385161,372.268,10.30774839,1.474629355,1.042093548,12.70750645,7.51848129,1499.99129,0.691994323,0.308005677,0,2.714667742,0,16462.93548,13609.47742,44.133,45.562,44.895,44.25,43.875,1037.984839,462.0064516,0,1785428035,0,1785427240,11:00:39,1785427240,1785427236,1,1.636,0.249,-38.729,-3.578,364,10,0.56,0.03,-13.3225405,13.60502206,2.417647888,0,2.670802941,0.165211613,0.231588454,1,4.302941,-0.179224841,0.071333112,0,1,3,1/3,2.98713,2.76474,0.0979452,0.0921982,0.095336,0.0623171,27860.7,18644.1,31658,22370.4,38574.3,28528.1,45468,32740.8,1.71928,2.66182,0.118896,0,29.8071,999.9,53.6,29.3,21.695,61.8405,-100,3,0.255142,0,20.3076,5.21549,12.0333,4.95945,3.30063,7709.5,9999,9999,138.3,4.97294,1.87518,1.88144,1.88096,1.87866,1.87438,1.87448,1.87676,0,0,0,0,11111111,oooooooo,on,on,on,on,0,100,100,-38.73,-3.578,-38.7293,0,0,0,-3.578004286,0,0,0,-1,-1,-1,-1,14.2,14.2,0.158691,4.99878,2.89795,2.90527,2.99805,2.27661,33.558,16.0146,2,430.445,1358.44,30.6042,30.6143,30.0005,30.3426,30.197,-1,40,10,-999.9,400,20,99.4877,85.9936
7,1785428210,720,20260730 11:16:49,11:16:49,15,1785428202,0.003020469,3.02046879,5.860714114,382.1833871,265.742978,26.8926488,38.67618134,0.095422031,2.949426981,0.093739569,0.058735922,266.146664,32.57543743,31.81723226,4.725908011,33.18126802,1.566491953,4.721012927,3.159416058,-133.2026737,-2.907309316,-0.223122963,129.8135581,6.551872821,3.027531351,5.860714114,400.7380689,389.9234788,0.321663496,66.79119883,3.02046879,11.20587777,15.5155103,0.008230935,78.43,0,0,1,0,52635.81088,1499.98,1273.843229,0.849240143,0.177433475,6,0.5,0: Broadleaf,2,TRUE,1785428202,382.1833871,393.5194839,15.47948065,11.09637419,420.9127097,19.0574871,408.021129,101.098,0.0999658,31.79894839,31.81723226,999.9,0,0,10003.90806,0,71.18626129,-11.33603806,388.1924194,397.935129,4.383107742,393.5194839,11.09637419,1.564944194,1.121820645,13.61788387,8.602375161,1499.98,0.69199571,0.30800429,0,2.68566129,0,16639.79032,13609.36774,44.383,45.802,45.169,44.437,44.09858065,1037.979032,462.0009677,0,1785428155,0,1785427240,11:00:39,1785427240,1785427236,1,1.636,0.249,-38.729,-3.578,364,10,0.56,0.03,-10.91727268,-11.0431407,1.494083385,0,2.691767647,-0.171763179,0.232021288,1,4.383370732,-0.312054774,0.054541889,0,1,3,1/3,2.98602,2.76466,0.102135,0.0967146,0.0984613,0.0663839,27729.4,18541.1,31656.3,22358.4,38438.3,28385.1,45465.6,32718.8,1.7164,2.66295,0.126045,0,29.7814,999.9,55.9,29.5,22.8886,61.8705,-100,3,0.263069,0,20.3077,5.21729,12.0321,4.95975,3.301,7709.5,9999,9999,138.3,4.97297,1.87519,1.88145,1.88096,1.87866,1.87439,1.8744,1.87676,0,0,0,0,11111111,oooooooo,on,on,on,on,0,100,100,-38.729,-3.578,-38.7293,0,0,0,-3.578004286,0,0,0,-1,-1,-1,-1,16.2,16.2,0.157471,4.99878,2.89795,2.90405,2.99805,2.31323,33.7381,16.0146,2,429.52,1362.64,30.7379,30.7309,30.0002,30.4579,30.3091,-1,40,10,-999.9,400,20,99.4824,85.9404
8,1785428330,840.0999999,20260730 11:18:49,11:18:49,15,1785428322,0.003177014,3.177013503,5.387900647,365.7036333,259.4671746,26.25737199,37.00821251,0.097613848,2.948823487,0.095853622,0.060064019,266.1498683,32.75382584,32.00771667,4.777169227,31.95764324,1.527526034,4.779845693,3.249643193,-140.1062955,1.573342098,0.121015002,127.7379299,0.15999062,3.319723684,5.387900647,369.2532614,365.8147697,-0.701098912,66.79119883,3.177013503,10.31927917,14.9969297,-0.008786554,78.43,0,0,1,0,52580.7713,1500.002,1273.86155,0.849239901,0.177433009,6,0.5,0: Broadleaf,2,TRUE,1785428322,365.7036333,367.7278667,15.09453667,10.27769667,404.4330333,18.67255,407.2729,101.0973333,0.099945377,32.01761333,32.00771667,999.9,0,0,10000.545,0,61.88240667,-2.024234267,371.3086333,371.5465333,4.816854667,367.7278667,10.27769667,1.526018667,1.039048,13.2312,7.475661667,1500.002,0.6920021,0.3079979,0,2.681786667,0,16640.61667,13609.60667,44.54546667,45.9748,45.312,44.6208,44.25826667,1038.006333,461.9956667,0,1785428275,0,1785427240,11:00:39,1785427240,1785427236,1,1.636,0.249,-38.729,-3.578,364,10,0.56,0.03,-2.88667995,14.02666377,2.6428844,0,2.703547059,-0.00717188,0.233046517,1,4.79997375,-0.030105478,0.112001906,1,2,3,2/3,2.9847,2.76479,0.0976524,0.0914491,0.0964896,0.0627744,27867.5,18657.3,31656.3,22368.3,38522.9,28511.4,45465.7,32737.9,1.7135,2.66268,0.127733,0,29.9415,999.9,53.2,29.7,22.0359,61.6496,-100,3,0.266921,0,20.3078,5.21699,12.0303,4.95985,3.301,7709.5,9999,9999,138.3,4.97293,1.87526,1.88148,1.881,1.87869,1.87439,1.87444,1.87677,0,0,0,0,11111111,oooooooo,on,on,on,on,0,100,100,-38.729,-3.578,-38.7293,0,0,0,-3.578004286,0,0,0,-1,-1,-1,-1,18.2,18.2,0.157471,4.99878,2.89795,2.90405,2.99805,2.2876,33.8961,15.9795,2,428.311,1363.96,30.8763,30.7948,30.0003,30.5295,30.3878,-1,40,10,-999.9,400,20,99.4824,85.9858
9,1785428450,960.0999999,20260730 11:20:49,11:20:49,15,1785428442,0.003090344,3.090343595,5.594780417,351.1368387,239.0764499,24.19331535,35.53325421,0.094315575,2.948541313,0.092671057,0.058064776,266.1493987,32.6854569,31.87847419,4.742336326,30.94102463,1.471349889,4.755336665,3.270986437,-136.2841526,7.682980773,0.590360504,138.1385874,5.653578716,2.958079301,5.594780417,364.0645896,356.2123152,-0.076513658,66.78637241,3.090343595,10.24544,14.64667879,0.012865307,78.43,0,0,1,0,52588.29042,1500.000645,1273.860281,0.849239822,0.177432856,6,0.5,0: Broadleaf,2,TRUE,1785428442,351.1368387,361.0272903,14.53976452,10.23160645,389.8660645,18.11776774,405.9836452,101.0948387,0.100052539,31.92680645,31.87847419,999.9,0,0,9999.18871,0,116.8708548,-9.890453226,356.3176774,364.7592581,4.308154516,361.0272903,10.23160645,1.469893871,1.03436129,12.65837742,7.409409032,1500.000645,0.692005968,0.307994032,0,2.619232258,0,16081.80645,13609.6129,44.48787097,45.893,45.24193548,44.70541935,44.304,1038.009355,461.9912903,0,1785428395,0,1785427240,11:00:39,1785427240,1785427236,1,1.636,0.249,-38.729,-3.578,364,10,0.56,0.03,-10.32285829,9.097223624,0.946414337,0,2.649679412,0.11467227,0.181130299,1,4.311235366,0.075394077,0.045713712,1,2,3,2/3,2.98418,2.7649,0.0959076,0.0903276,0.0951748,0.0621723,27921.3,18682.8,31656.5,22371.5,38579.4,28534.8,45465.7,32743.9,1.71215,2.65945,0.123583,0,29.8779,999.9,51.5,29.9,21.5784,61.6496,-100,3,0.271471,0,20.3079,5.21684,12.0306,4.95965,3.301,7709.5,9999,9999,138.4,4.97285,1.8752,1.8815,1.88098,1.87868,1.87439,1.87445,1.87678,0,0,0,0,11111111,oooooooo,on,on,on,on,0,100,100,-38.729,-3.578,-38.7293,0,0,0,-3.578004286,0,0,0,-1,-1,-1,-1,20.2,20.2,0.157471,4.99878,2.89795,2.90527,2.99805,2.28271,34.0545,15.997,2,427.958,1360.78,30.9048,30.8469,30.0004,30.5969,30.4565,-1,40,10,-999.9,400,20,99.4828,86.0002
10,1785428570,1080.1,20260730 11:22:49,11:22:49,15,1785428562,0.003053161,3.053161269,5.542689198,352.1854839,239.8579252,24.27318816,35.64053391,0.093203126,2.948844455,0.091596979,0.057390112,266.1551498,32.79634798,31.99940968,4.774923682,31.49709826,1.506416034,4.7827137,3.268507649,-134.644412,4.579082178,0.352205632,136.4420256,6.919826231,2.907455132,5.542689198,368.1146456,358.7216303,0.168366341,66.78637241,3.053161269,10.58479955,14.97903818,0.007141818,78.43,0,0,1,0,52579.56314,1500.033871,1273.888423,0.849239772,0.17743276,6,0.5,0: Broadleaf,2,TRUE,1785428562,352.1854839,363.9377419,14.8858,10.64846129,390.9148065,18.46380323,405.5623871,101.0981935,0.099997594,32.0282129,31.99940968,999.9,0,0,10000.57903,0,84.3507871,-11.75222903,357.5073871,367.8547742,4.237340968,363.9377419,10.64846129,1.504926129,1.07653871,13.01811935,7.995423226,1500.033871,0.692006806,0.307993194,0,2.710564516,0,16091.51935,13609.90968,44.435,45.756,45.187,44.5,44.179,1038.034839,461.9990323,0,1785428515,0,1785427240,11:00:39,1785427240,1785427236,1,1.636,0.249,-38.729,-3.578,364,10,0.56,0.03,-11.53393902,-5.645132404,0.916130027,0,2.696464706,0.191868599,0.18067152,1,4.203208537,0.968560976,0.109802638,0,1,3,1/3,2.98367,2.76473,0.0963919,0.0921095,0.0964096,0.0636331,27907.1,18644.2,31657.4,22369.2,38527.8,28486.1,45467.4,32739,1.71122,2.65922,0.132307,0,29.8725,999.9,51.9,30.1,21.9997,61.6496,-100,3,0.273661,0,20.3078,5.21714,12.0326,4.9597,3.301,7709.5,9999,9999,138.4,4.97299,1.87523,1.88151,1.88096,1.8787,1.87439,1.87446,1.87682,0,0,0,0,11111111,oooooooo,on,on,on,on,0,100,100,-38.729,-3.578,-38.7293,0,0,0,-3.578004286,0,0,0,-1,-1,-1,-1,22.2,22.2,0.157471,4.99878,2.89795,2.90405,2.99805,2.2998,34.1905,15.9883,2,427.719,1361.58,30.9371,30.8861,30.0002,30.6437,30.5064,-1,40,10,-999.9,400,20,99.4861,85.9889
11,1785428690,1200.1,20260730 11:24:49,11:24:49,15,1785428682,0.003070776,3.070775906,5.102542503,371.5635161,266.7722833,26.99637334,37.60086048,0.094283542,2.948278099,0.092639986,0.058045272,266.1512865,32.85184707,32.05905484,4.791067364,32.1241675,1.54162735,4.798964363,3.249440014,-135.4212174,4.627425191,0.35620179,135.7136961,5.039150661,2.970799526,5.102542503,384.4235057,377.2058121,-0.064546665,66.78637241,3.070775906,10.88767201,15.28905394,0.010085584,78.43,0,0,1,0,52552.96941,1500.004516,1273.86419,0.849240237,0.177433657,6,0.5,0: Broadleaf,2,TRUE,1785428682,371.5635161,380.6630968,15.23402581,10.90043548,410.2928065,18.81203226,405.0510645,101.0963226,0.099997413,32.08816774,32.05905484,999.9,0,0,9997.546774,0,79.53725161,-9.099662581,377.3114839,384.8583871,4.333579677,380.6630968,10.90043548,1.540105484,1.101995484,13.37220323,8.339330645,1500.004516,0.691992419,0.308007581,0,2.756670968,0,15897.12903,13609.57742,44.36280645,45.812,45.187,44.375,44.125,1037.99129,462.0132258,0,1785428635,0,1785427240,11:00:39,1785427240,1785427236,1,1.636,0.249,-38.729,-3.578,364,10,0.56,0.03,-9.54491375,8.990856698,1.406082155,0,2.735964706,-0.234545448,0.220748635,1,4.339451,-0.234651782,0.05802729,0,1,3,1/3,2.98307,2.76475,0.0997141,0.0934881,0.0975462,0.0647352,27806.7,18614.2,31660,22367.2,38481.9,28448.7,45470.6,32734.6,1.71073,2.66455,0.129223,0,29.9926,999.9,52.5,30.3,22.5095,61.5896,-100,3,0.273849,0,20.3077,5.21729,12.032,4.95985,3.301,7709.5,9999,9999,138.4,4.97293,1.87525,1.88148,1.88097,1.8787,1.87439,1.87449,1.8768,0,0,0,0,11111111,oooooooo,on,on,on,on,0,100,100,-38.729,-3.578,-38.7293,0,0,0,-3.578004286,0,0,0,-1,-1,-1,-1,24.2,24.2,0.157471,4.99878,2.89795,2.90283,2.99805,2.27417,34.3269,15.9708,2,427.598,1370.13,30.993,30.9023,30,30.6704,30.5359,-1,40,10,-999.9,400,20,99.4936,85.9788
12,1785428810,1320.1,20260730 11:26:49,11:26:49,15,1785428802,0.003056772,3.056771962,5.160546219,367.8926452,261.6590871,26.48169293,37.2332571,0.093606704,2.948218668,0.09198641,0.057634747,266.1494147,32.99488611,32.22474839,4.83616391,32.65665517,1.579590213,4.836962648,3.256573697,-134.8036435,0.464527724,0.035812004,131.8461109,4.174221769,2.969615575,5.160546219,379.5652894,372.6977212,-0.132878851,66.78637241,3.056771962,11.21208596,15.65376182,0.002724502,78.43,0,0,1,0,52527.47117,1500.006129,1273.864442,0.849239491,0.177432218,6,0.5,0: Broadleaf,2,TRUE,1785428802,367.8926452,375.7040323,15.60754194,11.27187097,406.6219032,19.18554839,404.5418387,101.1068065,0.100047206,32.22767097,32.22474839,999.9,0,0,9996.172581,0,60.24574839,-7.811335484,373.7255484,379.9871935,4.335669677,375.7040323,11.27187097,1.57802871,1.139662903,13.74588065,8.83573871,1500.006129,0.692018097,0.307981903,0,2.710077419,0,15588.29677,13609.69355,44.558,46.036,45.34045161,44.61890323,44.312,1038.029677,461.9764516,0,1785428755,0,1785427240,11:00:39,1785427240,1785427236,1,1.636,0.249,-38.729,-3.578,364,10,0.56,0.03,-7.524896341,-2.855949199,0.714992957,0,2.752588235,-0.479456078,0.221353519,1,4.346766341,0.086912613,0.074917195,1,2,3,2/3,2.98273,2.7647,0.0988864,0.0928596,0.0989031,0.0662593,27834.5,18625.5,31662.5,22365.2,38426.4,28398.5,45473.9,32730.2,1.71005,2.65777,0.133552,0,30.048,999.9,53,30.5,22.9824,61.6796,-100,3,0.271994,0,20.3078,5.21714,12.0314,4.9597,3.301,7709.5,9999,9999,138.5,4.97287,1.87529,1.88145,1.88101,1.87868,1.87439,1.87447,1.87681,0,0,0,0,11111111,oooooooo,on,on,on,on,0,100,100,-38.729,-3.578,-38.7293,0,0,0,-3.578004286,0,0,0,-1,-1,-1,-1,26.2,26.2,0.157471,4.99878,2.89795,2.90283,2.99805,2.26196,34.4636,15.9708,2,427.231,1360.26,31.1171,30.8995,30,30.673,30.5439,-1,40,10,-999.9,400,20,99.501,85.969
13,1785428930,1440.1,20260730 11:28:49,11:28:49,15,1785428922,0.002875032,2.875032189,5.566577561,371.2379032,252.9074224,25.59775963,37.57445521,0.088648534,2.948427953,0.087194006,0.054624949,266.1509828,32.91778613,32.02354516,4.781450529,32.23897706,1.548499346,4.803190075,3.232951183,-126.7889195,12.74567915,0.980968379,153.0887108,10.59704469,2.755122752,5.566577561,394.414684,382.252303,0.575969039,66.78637241,2.875032189,11.37406873,15.44329212,0.017734355,78.43,0,0,1,0,52554.95564,1500.003548,1273.8633,0.849240191,0.177433569,6,0.5,0: Broadleaf,2,TRUE,1785428922,371.2379032,388.5056452,15.29926774,11.26764194,409.9671613,18.87727742,403.7534516,101.114,0.0999517,32.10372903,32.02354516,999.9,0,0,9996.65,0,83.34607742,-17.26767419,377.0062258,392.9330968,4.031628065,388.5056452,11.26764194,1.546969355,1.139315484,13.4402129,8.831049677,1500.003548,0.691993355,0.308006645,0,2.699183871,0,15607.02903,13609.58065,44.75,46.187,45.5,44.875,44.5,1037.99,462.0093548,0,1785428875,0,1785427240,11:00:39,1785427240,1785427236,1,1.636,0.249,-38.729,-3.578,364,10,0.56,0.03,-18.6007025,25.58035385,2.483601113,0,2.689552941,-0.373915966,0.206910353,1,3.997919,0.535132458,0.059507452,0,1,3,1/3,2.98131,2.7648,0.10073,0.0960912,0.0981777,0.0675906,27780.7,18559.3,31666,22365.4,38462.3,28357,45479.4,32728.9,1.70615,2.6589,0.137411,0,29.7496,999.9,52.4,30.7,22.98,61.7997,-100,3,0.268267,0,20.3082,5.21714,12.0315,4.95975,3.301,7709.5,9999,9999,138.5,4.97284,1.8753,1.88153,1.881,1.8787,1.87439,1.87448,1.87683,0,0,0,0,11111111,oooooooo,on,on,on,on,0,100,100,-38.729,-3.578,-38.7293,0,0,0,-3.578004286,0,0,0,-1,-1,-1,-1,28.2,28.2,0.157471,4.99878,2.89795,2.90405,2.99805,2.26318,34.5321,15.962,2,424.894,1361.52,31.1166,30.8669,29.9999,30.6526,30.5244,-1,40,10,-999.9,400,20,99.5128,85.9671
14,1785429050,1560.1,20260730 11:30:49,11:30:49,15,1785429042,0.003014573,3.014573346,5.694367862,347.7555161,230.6682301,23.34706802,35.19804912,0.091043576,2.949285557,0.089510562,0.056079686,266.1486159,32.78328929,31.89648387,4.747176921,30.20291469,1.442650961,4.77652894,3.30452596,-132.9426846,17.30966305,1.330371213,151.8459656,6.235153192,2.854158807,5.694367862,362.2359536,353.3876545,0.044866567,66.78637241,3.014573346,10.04999046,14.36533515,0.013202468,78.43,0,0,1,0,52596.49986,1499.992581,1273.853768,0.849240046,0.177433288,6,0.5,0: Broadleaf,2,TRUE,1785429042,347.7555161,358.5014839,14.25334194,10.07033387,386.4849032,17.83134194,403.5580323,101.1149355,0.099991335,32.00534839,31.89648387,999.9,0,0,10001.42903,0,91.59738065,-10.74590839,352.7839355,362.1485161,4.182997742,358.5014839,10.07033387,1.441225806,1.018261903,12.35830968,7.179485806,1499.992581,0.691998968,0.308001032,0,2.791358065,0,15764.90968,13609.50645,44.57216129,46,45.375,44.679,44.35467742,1037.992581,462,0,1785428995,0,1785427240,11:00:39,1785427240,1785427236,1,1.636,0.249,-38.729,-3.578,364,10,0.56,0.03,-10.39450525,-2.134976173,0.933927976,0,2.752311765,0.990600462,0.211615026,1,4.2339405,-0.497182289,0.145370912,0,1,3,1/3,2.9811,2.76477,0.0954213,0.0898925,0.0941233,0.0607704,27950.8,18704,31672.5,22386,38644.1,28597.4,45488.9,32766.6,1.7072,2.66085,0.145294,0,29.5493,999.9,48.3,30.8,21.3053,62.0097,-100,3,0.261019,0,20.3082,5.21699,12.0305,4.9596,3.301,7709.5,9999,9999,138.5,4.97298,1.87529,1.88152,1.88102,1.87871,1.87439,1.87446,1.87681,0,0,0,0,11111111,oooooooo,on,on,on,on,0,100,100,-38.729,-3.578,-38.7293,0,0,0,-3.578004286,0,0,0,-1,-1,-1,-1,30.2,30.2,0.157471,4.99878,2.89795,2.90283,2.99805,2.30957,34.6006,15.962,2,425.061,1362.94,30.9942,30.7777,29.9997,30.5825,30.4603,-1,40,10,-999.9,400,20,99.5333,86.0581
15,1785429170,1680.1,20260730 11:32:49,11:32:49,15,1785429162,0.00286969,2.869690207,5.207409913,357.7499355,243.9257115,24.68955851,36.21056555,0.08652438,2.949007667,0.085138402,0.053334177,266.1483261,33.03622742,32.21584839,4.833732255,31.62909197,1.529312996,4.835146698,3.304419259,-126.5533381,0.82314186,0.063436949,140.4815668,5.462091106,2.808107132,5.207409913,372.2162081,363.5428788,0.127138976,66.78637241,2.869690207,11.15967377,15.21097273,0.019851558,78.43,0,0,1,0,52551.43209,1499.991935,1273.853129,0.849239985,0.177433171,6,0.5,0: Broadleaf,2,TRUE,1785429162,357.7499355,367.3722258,15.10917097,10.99390323,396.4792581,18.68717419,403.2319355,101.1175484,0.099983632,32.22102581,32.21584839,999.9,0,0,9999.591935,0,182.6012903,-9.622259355,363.2381613,371.4561935,4.11527,367.3722258,10.99390323,1.527801935,1.111675484,13.24920968,8.46707871,1499.991935,0.692000516,0.307999484,0,2.704177419,0,16490.72581,13609.49677,44.687,46.11077419,45.437,44.70325806,44.375,1037.995161,461.9967742,0,1785429115,0,1785427240,11:00:39,1785427240,1785427236,1,1.636,0.249,-38.729,-3.578,364,10,0.56,0.03,-9.1147165,-11.19847475,1.261561015,0,2.731882353,0.235889984,0.226135111,1,4.1806425,-1.440787767,0.152244378,0,1,3,1/3,2.98097,2.76473,0.0972956,0.0923615,0.0973319,0.0667031,27894.6,18642.5,31674.4,22372.9,38509,28394.8,45492,32741.2,1.7072,2.66315,0.136435,0,30.0174,999.9,50.5,31,22.5306,62.0397,-100,3,0.259944,0,20.3079,5.21729,12.0317,4.9597,3.301,7709.5,9999,9999,138.6,4.97295,1.87529,1.88154,1.881,1.87871,1.87439,1.87448,1.87683,0,0,0,0,11111111,oooooooo,on,on,on,on,0,100,100,-38.73,-3.578,-38.7293,0,0,0,-3.578004286,0,0,0,-1,-1,-1,-1,32.2,32.2,0.157471,4.99878,2.89795,2.90283,2.99805,2.26196,34.715,15.962,2,424.915,1366.01,31.0998,30.7484,30.0003,30.5586,30.446,-1,40,10,-999.9,400,20,99.5397,85.9981
16,1785429290,1800.1,20260730 11:34:49,11:34:49,15,1785429282,0.002908894,2.908894004,5.420923449,349.5119355,232.1071889,23.49393043,35.3776595,0.086596632,2.949529256,0.0852086,0.053378231,266.148217,33.02555339,32.17433871,4.822405048,30.49376623,1.474381241,4.835025068,3.348023806,-128.2822256,7.353162355,0.566468025,145.7856218,4.511874192,2.978035756,5.420923449,361.2776579,353.6520909,-0.082189813,66.78637241,2.908894004,10.14664767,14.49588424,-0.009429766,78.43,0,0,1,0,52566.50157,1499.999677,1273.858935,0.849239473,0.177432183,6,0.5,0: Broadleaf,2,TRUE,1785429282,349.5119355,357.7943871,14.56608065,10.18874839,388.2413226,18.1440871,402.252871,101.1202258,0.099949835,32.22058065,32.17433871,999.9,0,0,10002.29032,0,93.45197419,-8.282396774,354.6783226,361.4774194,4.377340645,357.7943871,10.18874839,1.472925161,1.030289677,12.68992258,7.351759355,1499.999677,0.692017806,0.307982194,0,2.669145161,0,15540.56774,13609.63871,44.8,46.312,45.562,44.937,44.562,1038.026129,461.9735484,0,1785429235,0,1785427240,11:00:39,1785427240,1785427236,1,1.636,0.249,-38.729,-3.578,364,10,0.56,0.03,-8.24619561,-1.252633589,0.401728317,0,2.685385294,-0.14149885,0.241394608,1,4.390008293,-0.17786216,0.02684869,0,1,3,1/3,2.98002,2.76488,0.0954631,0.0899691,0.0945987,0.0615581,27951,18701.2,31674.3,22384.5,38625.9,28570.8,45491.5,32763.6,1.70508,2.6648,0.13607,0,29.9591,999.9,47.9,31.1,21.4922,62.0698,-100,3,0.262556,0,20.3082,5.21744,12.0312,4.9596,3.301,7709.5,9999,9999,138.6,4.97295,1.87531,1.88153,1.88101,1.87872,1.87439,1.87453,1.87683,0,0,0,0,11111111,oooooooo,on,on,on,on,0,100,100,-38.729,-3.578,-38.7293,0,0,0,-3.578004286,0,0,0,-1,-1,-1,-1,34.2,34.2,0.157471,4.99878,2.89795,2.90283,2.99805,2.27173,34.8525,15.962,2,423.795,1368.69,31.1492,30.7787,30.0002,30.5718,30.4565,-1,40,10,-999.9,400,20,99.539,86.0511
17,1785429410,1920.1,20260730 11:36:49,11:36:49,15,1785429402,0.002781726,2.781726424,5.348419016,352.3789355,229.6047677,23.24071844,35.66798594,0.081301549,2.94794549,0.080076133,0.050156143,266.1508388,33.24194553,32.39835161,4.883809143,30.25497482,1.478058234,4.885339494,3.405750909,-122.6741353,0.882315825,0.068144018,144.4271633,5.830409227,2.737776613,5.348419016,367.3621341,358.2262667,0.161114008,66.78637241,2.781726424,10.71557728,14.6832903,0.015991126,78.43,0,0,1,0,52489.63476,1500.005806,1273.864935,0.849240003,0.177433206,6,0.5,0: Broadleaf,2,TRUE,1785429402,352.3789355,362.5235806,14.60235484,10.57474194,391.1082903,18.18036129,401.8954194,101.1205161,0.100023326,32.40390323,32.39835161,999.9,0,0,9993.266129,0,786.9306774,-10.14470226,357.6008065,366.3982581,4.027610323,362.5235806,10.57474194,1.476597097,1.069323871,12.72792258,7.896230323,1500.005806,0.692000032,0.307999968,0,2.771035484,0,16222.60323,13609.62903,44.762,46.312,45.562,44.933,44.558,1038.003871,462.0019355,0,1785429355,0,1785427240,11:00:39,1785427240,1785427236,1,1.636,0.249,-38.729,-3.578,364,10,0.56,0.03,-10.0704095,-3.686668593,0.845004022,0,2.764532353,-0.057566084,0.234227043,1,4.0373685,-0.37835122,0.069105286,0,1,3,1/3,2.97993,2.76494,0.0963225,0.0911918,0.0953504,0.0644711,27925.5,18671.5,31675.5,22379.1,38595.6,28472.9,45493.8,32753,1.70435,2.66065,0.135764,0,30.2209,999.9,48,31.3,21.7848,61.8898,-100,3,0.264959,0,20.308,5.21744,12.0303,4.95975,3.301,7709.5,9999,9999,138.6,4.97291,1.87531,1.88155,1.88099,1.87867,1.87439,1.87449,1.87682,0,0,0,0,11111111,oooooooo,on,on,on,on,0,100,100,-38.729,-3.578,-38.7293,0,0,0,-3.578004286,0,0,0,-1,-1,-1,-1,36.2,36.2,0.157471,4.99878,2.89795,2.90283,2.99805,2.29248,34.9904,15.9533,2,423.515,1362.97,31.2443,30.8079,30.0003,30.5931,30.4751,-1,40,10,-999.9,400,20,99.5435,86.0262
18,1785429530,2040.1,20260730 11:38:49,11:38:49,15,1785429522,0.002733285,2.733285487,5.315755988,347.0019355,222.0777163,22.47795673,35.12236447,0.079038073,2.948559528,0.077879652,0.048777448,266.1531314,33.26082959,32.39506774,4.882904111,29.49696335,1.441560464,4.887148711,3.441343647,-120.53789,2.447513432,0.188992814,148.2517476,5.384765204,2.819733005,5.315755988,359.9794614,351.9485333,-0.000285762,66.78238776,2.733285487,10.14646526,14.19754424,-0.002623527,78.43,0,0,1,0,52505.99405,1500.018065,1273.875406,0.849240044,0.177433284,6,0.5,0: Broadleaf,2,TRUE,1785429522,347.0019355,356.5206452,14.24232903,10.08437742,385.7312581,17.82033226,401.0975161,101.1166774,0.099946684,32.41046452,32.39506774,999.9,0,0,9997.132581,0,328.6512581,-9.518695806,352.0155484,360.1524839,4.157945161,356.5206452,10.08437742,1.440135484,1.019699355,12.34691613,7.200793226,1500.018065,0.691999323,0.308000742,0,2.8001,0,15971.79032,13609.74194,44.812,46.32419355,45.562,45.038,44.61687097,1038.010323,462.0077419,0,1785429475,0,1785427240,11:00:39,1785427240,1785427236,1,1.636,0.249,-38.729,-3.578,364,10,0.56,0.03,-9.55584175,0.696016998,0.232919566,0,2.748855882,0.596297941,0.271453632,1,4.1743985,-0.384020263,0.05508336,0,1,3,1/3,2.97813,2.76471,0.0951443,0.0896775,0.0934614,0.0619146,27958.3,18706,31672,22383.4,38672.3,28558.5,45488.6,32762.2,1.70015,2.65632,0.127807,0,30.3185,999.9,46.2,31.5,21.2089,61.8598,-100,3,0.272853,0,20.3084,5.21699,12.0299,4.9596,3.301,7709.5,9999,9999,138.7,4.973,1.87531,1.88156,1.88104,1.87877,1.87439,1.87454,1.87682,0,0,0,0,11111111,oooooooo,on,on,on,on,0,100,100,-38.729,-3.578,-38.7293,0,0,0,-3.578004286,0,0,0,-1,-1,-1,-1,38.2,38.2,0.157471,4.99878,2.89795,2.90161,2.99805,2.33154,35.1286,15.9358,2,421.566,1357.99,31.3201,30.8946,30.0003,30.6624,30.5382,-1,40,10,-999.9,400,20,99.5322,86.0473
19,1785429650,2160.1,20260730 11:40:49,11:40:49,15,1785429642,0.00261903,2.619030374,5.372214972,348.2153871,217.8167614,22.04509447,35.24265559,0.075930244,2.94893111,0.0748606,0.046882723,266.1492957,33.30559687,32.40982903,4.886973457,29.78881004,1.457095449,4.89141878,3.429878008,-115.4992395,2.561674052,0.197812553,153.4095428,5.225745963,2.634528459,5.372214972,361.6076797,353.1906,0.045356575,66.78238776,2.619030374,10.6424957,14.43454242,0.008594338,78.43,0,0,1,0,52513.81119,1500,1273.859739,0.849239826,0.177432864,6,0.5,0: Broadleaf,2,TRUE,1785429642,348.2153871,357.3992581,14.39684516,10.51497419,386.9448387,17.97484839,401.3424839,101.1094194,0.099938126,32.42594194,32.40982903,999.9,0,0,9999.960968,0,84.66865161,-9.183739677,353.3019032,361.1971935,3.881877097,357.3992581,10.51497419,1.455656452,1.063162581,12.51015484,7.811484194,1500,0.692005935,0.307994065,0,2.758248387,0,15395.19355,13609.59355,44.75,46.19106452,45.504,44.875,44.526,1038.00871,461.9912903,0,1785429595,0,1785427240,11:00:39,1785427240,1785427236,1,1.636,0.249,-38.729,-3.578,364,10,0.56,0.03,-8.746609512,-9.203582091,0.959674599,0,2.780202941,-0.374608098,0.212133731,1,3.932247073,-1.050310662,0.104360602,0,1,3,1/3,2.97883,2.76476,0.0953526,0.0901011,0.0943636,0.0641917,27950.4,18692.7,31670.5,22378.1,38631.6,28480.4,45486.1,32752.2,1.70072,2.65982,0.135638,0,30.2159,999.9,46.7,31.6,21.5629,61.8598,-100,3,0.277345,0,20.3085,5.21714,12.0321,4.9597,3.301,7709.5,9999,9999,138.7,4.9729,1.87531,1.88156,1.88106,1.87874,1.87444,1.87454,1.87683,0,0,0,0,11111111,oooooooo,on,on,on,on,0,100,100,-38.729,-3.578,-38.7293,0,0,0,-3.578004286,0,0,0,-1,-1,-1,-1,40.2,40.2,0.157471,4.99878,2.89795,2.90283,2.99805,2.29248,35.244,15.9445,2,422.211,1364.15,31.3287,30.9558,30.0003,30.7158,30.5839,-1,40,10,-999.9,400,20,99.5271,86.0235
20,1785429770,2280.1,20260730 11:42:49,11:42:49,15,1785429762,0.002641016,2.641016296,4.352873709,380.0489355,273.5744458,27.68747437,38.4633701,0.079383731,2.948939643,0.078215385,0.048988154,266.1523436,33.32915226,32.47387097,4.904662536,32.59734491,1.597103317,4.899488967,3.307559219,-116.4688186,-2.974525024,-0.229797477,146.4792024,8.277850606,2.503990284,4.352873709,396.7023186,389.1874424,0.136688119,66.78238776,2.641016296,12.0093217,15.85723394,0.006351013,78.43,0,0,1,0,52508.96759,1500.010968,1273.869624,0.849240206,0.177433598,6,0.5,0: Broadleaf,2,TRUE,1785429762,380.0489355,393.8887097,15.78066129,12.08513871,418.7781935,19.35866129,400.1289032,101.1063871,0.09997479,32.45516129,32.47387097,999.9,0,0,10000.30935,0,55.00869355,-13.83971129,386.1426774,398.707129,3.695519032,393.8887097,12.08513871,1.595525484,1.221886129,13.91556452,9.870802581,1500.010968,0.691992516,0.308007484,0,2.757103226,0,15242.90645,13609.62581,44.937,46.312,45.685,44.937,44.633,1037.995484,462.0129032,0,1785429715,0,1785427240,11:00:39,1785427240,1785427236,1,1.636,0.249,-38.729,-3.578,364,10,0.56,0.03,-14.49089634,19.83681847,2.457975692,0,2.737214706,-0.089019096,0.203250392,1,3.66052,0.913494774,0.097671047,0,1,3,1/3,2.97796,2.76463,0.101916,0.0968811,0.0996452,0.0703256,27745.9,18539.1,31668.6,22361,38403.1,28265.9,45483.8,32720,1.69925,2.65898,0.139847,0,30.2041,999.9,50,31.8,23.3494,61.6198,-100,3,0.279748,0,20.3085,5.21669,12.03,4.9597,3.301,7709.5,9999,9999,138.7,4.97296,1.87531,1.88156,1.88109,1.8787,1.87439,1.87453,1.87683,0,0,0,0,11111111,oooooooo,on,on,on,on,0,100,100,-38.729,-3.578,-38.7293,0,0,0,-3.578004286,0,0,0,-1,-1,-1,-1,42.2,42.2,0.157471,4.99878,2.89795,2.90161,2.99805,2.31079,35.3596,15.9358,2,421.606,1363.66,31.3912,30.994,30.0001,30.7532,30.6183,-1,40,10,-999.9,400,20,99.5217,85.9464
21,1785429890,2400.1,20260730 11:44:49,11:44:49,15,1785429882,0.002673724,2.673723995,4.8683432,375.9047419,261.6785655,26.48573401,38.04710939,0.081179795,2.949090494,0.079958483,0.050082251,266.1481839,33.36410599,32.47870968,4.906001302,33.20323276,1.630782057,4.911515904,3.275219244,-117.9112282,3.16700545,0.244713112,151.6486743,5.121034843,2.608558418,4.8683432,388.6287885,382.1123333,-0.131809647,66.78238776,2.673723995,12.1871985,16.13811879,-0.000731436,78.43,0,0,1,0,52505.98911,1499.986129,1273.848658,0.849240292,0.177433763,6,0.5,0: Broadleaf,2,TRUE,1785429882,375.9047419,385.0556452,16.11209677,12.26293548,414.6340968,19.69009677,400.0657097,101.1147419,0.100021123,32.49862903,32.47870968,999.9,0,0,10000.34,0,66.71669355,-9.151012581,382.0604839,389.8365806,3.84916,385.0556452,12.26293548,1.629170968,1.239964516,14.23746774,10.08969323,1499.986129,0.691990419,0.308009581,0,2.715074194,0,15197.47419,13609.40645,45.004,46.437,45.812,45,44.70732258,1037.975806,462.0103226,0,1785429835,0,1785427240,11:00:39,1785427240,1785427236,1,1.636,0.249,-38.729,-3.578,364,10,0.56,0.03,-11.342543,41.27852038,4.199045803,0,2.746117647,-0.421906793,0.197001353,1,3.7806625,1.486565854,0.160273136,0,1,3,1/3,2.97843,2.76473,0.10057,0.0938742,0.10068,0.0706481,27791.4,18601.4,31673,22361.6,38363.8,28256.5,45490,32720.5,1.70138,2.66165,0.143051,0,30.1375,999.9,50.3,31.9,23.6193,61.7399,-100,3,0.276209,0,20.3079,5.21549,12.0294,4.95945,3.30063,7709.5,9999,9999,138.8,4.97287,1.87531,1.88156,1.88101,1.87874,1.87439,1.87454,1.87683,0,0,0,0,11111111,oooooooo,on,on,on,on,0,100,100,-38.73,-3.578,-38.7293,0,0,0,-3.578004286,0,0,0,-1,-1,-1,-1,44.2,44.2,0.157471,4.99878,2.89795,2.90161,2.99805,2.31079,35.4291,15.9182,2,422.725,1367.38,31.4231,30.974,29.9999,30.7402,30.6076,-1,40,10,-999.9,400,20,99.5354,85.948
22,1785430010,2520.5,20260730 11:46:50,11:46:50,15,1785430002,0.002724908,2.724907634,4.626883121,374.4799032,266.7969705,27.00659259,37.9068254,0.082820916,2.949071914,0.081550134,0.051081384,266.1455778,33.39042247,32.47552581,4.905120358,33.15416404,1.632005553,4.922475352,3.273114805,-120.1684267,9.957925574,0.76958669,156.7046634,2.663057834,2.717486921,4.626883121,383.5831474,378.3686242,-0.274681287,66.78238776,2.724907634,12.10912031,16.14027636,0.000128306,78.43,0,0,1,0,52498.88781,1499.972258,1273.836803,0.849240242,0.177433667,6,0.5,0: Broadleaf,2,TRUE,1785430002,374.4799032,380.0157419,16.1225129,12.10126129,413.2092903,19.7005129,398.9316452,101.1252581,0.100001481,32.53815806,32.47552581,999.9,0,0,9999.194516,0,79.8851871,-5.535751935,380.6164839,384.6706452,4.02124,380.0157419,12.10126129,1.630393871,1.223744839,14.24910645,9.893573548,1499.972258,0.691992226,0.308007774,0,2.751151613,0,15193.96452,13609.29355,45.125,46.56606452,45.937,45.25,44.875,1037.96871,462.0035484,0,1785429956,0,1785427240,11:00:39,1785427240,1785427236,1,1.636,0.249,-38.729,-3.578,364,10,0.56,0.03,-5.533299268,-0.258050801,0.375684779,1,2.749385294,0.195882343,0.220004268,1,4.019030244,0.096667735,0.018357817,1,3,3,3/3,2.97719,2.76477,0.0999205,0.0940862,0.100717,0.07093,27818.7,18600.5,31680.9,22365.5,38371.9,28252.5,45501.6,32725.6,1.69862,2.65867,0.158697,0,29.9291,999.9,49.8,32,23.5133,62.0599,-100,3,0.26815,0,20.3083,5.21729,12.0294,4.95975,3.301,7709.5,9999,9999,138.8,4.97289,1.87531,1.88156,1.881,1.87872,1.87439,1.87454,1.87683,0,0,0,0,11111111,oooooooo,on,on,on,on,0,100,100,-38.73,-3.578,-38.7293,0,0,0,-3.578004286,0,0,0,-1,-1,-1,-1,46.2,46.2,0.15625,4.99878,2.89795,2.90283,2.99805,2.30713,35.4754,15.9182,2,420.833,1361.79,31.4368,30.9036,29.9998,30.6831,30.5553,-1,40,10,-999.9,400,20,99.5605,85.9621
23,1785430130,2640.5,20260730 11:48:50,11:48:50,15,1785430122,0.00274191,2.741910269,5.276525358,350.0450323,228.845142,23.1650907,35.43367734,0.081182299,2.949455456,0.07996106,0.050083856,266.1484216,33.37898257,32.45859355,4.900437693,31.29246314,1.539757671,4.920538418,3.360680023,-120.9182429,11.541637,0.891761286,157.663577,5.212141405,2.768783004,5.276525358,365.2885324,355.8824303,0.206808614,66.78238776,2.741910269,11.31837862,15.24966182,0.016761801,78.43,0,0,1,0,52511.07631,1499.985161,1273.848048,0.849240433,0.177434036,6,0.5,0: Broadleaf,2,TRUE,1785430122,350.0450323,359.3452258,15.21108065,11.10864839,388.7743871,18.78908387,398.7878387,101.1260645,0.099989487,32.53117742,32.45859355,999.9,0,0,10001.29355,0,89.81730323,-9.300237097,355.4517419,363.3823548,4.102422581,359.3452258,11.10864839,1.538236452,1.123374516,13.35357419,8.621052258,1499.985161,0.691986742,0.308013258,0,2.70746129,0,15178.95806,13609.3871,45.07825806,46.60670968,45.875,45.306,44.875,1037.968065,462.0170968,0,1785430076,0,1785427240,11:00:39,1785427240,1785427236,1,1.636,0.249,-38.729,-3.578,364,10,0.56,0.03,-8.271837317,-25.30021422,2.669427934,0,2.719397059,-0.128062643,0.238294043,1,4.200942195,-2.511640767,0.257196016,0,1,3,1/3,2.97699,2.76482,0.0958553,0.0908384,0.0974647,0.0674105,27947.7,18677,31684.4,22377,38515.7,28377.7,45506.5,32746.5,1.69858,2.6631,0.148714,0,30.0136,999.9,46.8,32.2,22.3516,62.0599,-100,3,0.262815,0,20.3084,5.21714,12.0287,4.95975,3.301,7709.5,9999,9999,138.8,4.97298,1.87531,1.88156,1.88101,1.87867,1.87439,1.87454,1.87683,0,0,0,0,11111111,oooooooo,on,on,on,on,0,100,100,-38.729,-3.578,-38.7293,0,0,0,-3.578004286,0,0,0,-1,-1,-1,-1,48.2,48.2,0.15625,4.99878,2.89795,2.90039,2.99805,2.31201,35.5451,15.9095,2,420.44,1367.21,31.4608,30.827,29.9999,30.6224,30.5042,-1,40,10,-999.9,400,20,99.5714,86.0127
24,1785430250,2760.5,20260730 11:50:50,11:50:50,15,1785430242,0.002640446,2.640445689,5.307220751,350.2409355,225.2452225,22.80087515,35.45380343,0.078644352,2.948971409,0.077497511,0.04853759,266.1504693,33.45296458,32.52041935,4.917554654,32.00970518,1.579294714,4.933799623,3.33825994,-116.4436549,9.301132231,0.719154048,159.7271007,5.39585198,2.645244902,5.307220751,365.1823073,356.2778424,0.123984605,66.78238776,2.640445689,11.77497521,15.64373939,0.005284987,78.43,0,0,1,0,52489.04475,1500.004194,1273.863523,0.849239974,0.17743315,6,0.5,0: Broadleaf,2,TRUE,1785430242,350.2409355,359.7521613,15.60153226,11.68414516,388.970129,19.17953871,398.8334516,101.1269032,0.099994723,32.57892258,32.52041935,999.9,0,0,9998.460968,0,99.2691129,-9.511270645,355.7917742,364.0052258,3.917394194,359.7521613,11.68414516,1.577737742,1.181581935,13.74306129,9.371366452,1500.004194,0.692003,0.307997,0,2.801612903,0,15189.65484,13609.62581,45,46.5,45.812,45.161,44.812,1038.004194,462,0,1785430196,0,1785427240,11:00:39,1785427240,1785427236,1,1.636,0.249,-38.729,-3.578,364,10,0.56,0.03,-9.506753902,-1.3787377,0.545677078,0,2.787535294,0.734710464,0.220120099,1,3.911643659,0.022663275,0.040328977,1,2,3,2/3,2.97723,2.76484,0.0959079,0.0903564,0.0989307,0.0691994,27948.6,18683.9,31687.1,22373.3,38456.4,28316.5,45510.9,32738.7,1.69907,2.66307,0.148565,0,30.1167,999.9,47.2,32.3,22.6685,62.0899,-100,3,0.260534,0,20.3084,5.21774,12.0317,4.95975,3.301,7709.5,9999,9999,138.9,4.97299,1.87531,1.88156,1.881,1.8787,1.8744,1.87454,1.87683,0,0,0,0,11111111,oooooooo,on,on,on,on,0,100,100,-38.729,-3.578,-38.7293,0,0,0,-3.578004286,0,0,0,-1,-1,-1,-1,50.2,50.2,0.157471,4.99878,2.89795,2.90161,2.99805,2.30225,35.638,15.8832,2,420.501,1366.45,31.4534,30.7895,30,30.5858,30.4698,-1,40,10,-999.9,400,20,99.5806,85.9947
25,1785430370,2880.5,20260730 11:52:50,11:52:50,15,1785430362,0.002587116,2.587115865,5.077359219,351.6365161,230.0257857,23.2848274,35.59512061,0.077660554,2.949341412,0.076542144,0.047937983,266.1503309,33.38920747,32.44328387,4.896207108,32.25091489,1.584264429,4.912308485,3.311942679,-114.0918097,9.25511068,0.714963146,162.0285951,3.900575274,2.660846806,5.077359219,362.6407109,355.9825697,-0.161078741,66.78238776,2.587115865,11.6809956,15.60414727,-0.011536606,78.43,0,0,1,0,52512.93743,1500.00871,1273.866871,0.84923965,0.177432524,6,0.5,0: Broadleaf,2,TRUE,1785430362,351.6365161,358.915,15.65060645,11.70872581,390.3657419,19.22861613,398.6730968,101.1270645,0.099966748,32.50149032,32.44328387,999.9,0,0,10000.54677,0,108.5595161,-7.278553226,357.2273226,363.1673226,3.941879355,358.915,11.70872581,1.582700645,1.184070645,13.79137097,9.402502258,1500.00871,0.692011548,0.307988452,0,2.782732258,0,15243.31613,13609.70323,44.937,46.433,45.70732258,45.125,44.75,1038.023548,461.9851613,0,1785430316,0,1785427240,11:00:39,1785427240,1785427236,1,1.636,0.249,-38.729,-3.578,364,10,0.56,0.03,-7.154732439,-4.238368223,0.673865226,0,2.756273529,0.104417114,0.203647065,1,3.938718537,0.162274913,0.064646305,0,1,3,1/3,2.9763,2.76469,0.0958488,0.0903172,0.0987696,0.069406,27951.3,18685,31688.1,22373.5,38464.6,28310.1,45512.5,32738.5,1.6968,2.6653,0.143126,0,30.1022,999.9,46.8,32.4,22.6025,62.06,-100,3,0.260775,0,20.3085,5.21729,12.0303,4.9598,3.301,7709.5,9999,9999,138.9,4.97293,1.87531,1.88156,1.88104,1.87874,1.8744,1.87453,1.87683,0,0,0,0,11111111,oooooooo,on,on,on,on,0,100,100,-38.73,-3.578,-38.7293,0,0,0,-3.578004286,0,0,0,-1,-1,-1,-1,52.2,52.2,0.157471,4.99878,2.89795,2.90039,2.99805,2.30713,35.7544,15.8745,2,419.173,1369.43,31.4267,30.7841,30.0001,30.5772,30.4591,-1,40,10,-999.9,400,20,99.5838,85.9948
26,1785430490,3000.5,20260730 11:54:50,11:54:50,15,1785430482,0.002484055,2.48405511,5.108124589,356.7895806,229.0035618,23.18159916,36.11713711,0.073938989,2.949043184,0.072924345,0.045667718,266.1480781,33.45963064,32.53800645,4.922433276,32.18801361,1.585088294,4.924467577,3.337344982,-109.5468304,1.165234162,0.090085446,157.8565673,9.605495254,2.398619062,5.108124589,381.6951125,367.9305939,0.896633726,66.78238776,2.48405511,12.33779386,15.80481091,0.027335472,78.43,0,0,1,0,52496.89298,1500.002903,1273.861306,0.849239227,0.177431709,6,0.5,0: Broadleaf,2,TRUE,1785430482,356.7895806,372.541,15.65857742,12.10356452,395.5189355,19.23658387,398.4897097,101.1280968,0.100019387,32.54533548,32.53800645,999.9,0,0,9998.750645,0,107.7742581,-15.75136871,362.4654516,377.1065806,3.555020968,372.541,12.10356452,1.583522903,1.224010645,13.79925806,9.894673871,1500.002903,0.692025226,0.307974774,0,2.724945161,0,15220.62903,13609.70323,44.905,46.36280645,45.683,45,44.641,1038.040645,461.9622581,0,1785430436,0,1785427240,11:00:39,1785427240,1785427236,1,1.636,0.249,-38.729,-3.578,364,10,0.56,0.03,-14.12998073,-41.38862258,4.338932877,0,2.707885294,-0.173556919,0.271731263,1,3.59828122,-1.454825017,0.162667805,0,1,3,1/3,2.97657,2.76468,0.0981516,0.094888,0.0995578,0.0721075,27879.4,18584.8,31687.3,22365.9,38429.6,28215.9,45511.1,32724.5,1.69918,2.66015,0.14212,0,30.2311,999.9,47.1,32.5,22.8775,62.12,-100,3,0.262858,0,20.309,5.21744,12.0318,4.95975,3.301,7709.5,9999,9999,138.9,4.97293,1.87531,1.88156,1.88101,1.8787,1.87439,1.87453,1.87682,0,0,0,0,11111111,oooooooo,on,on,on,on,0,100,100,-38.729,-3.578,-38.7293,0,0,0,-3.578004286,0,0,0,-1,-1,-1,-1,54.2,54.2,0.157471,4.99878,2.89795,2.90161,2.99805,2.27783,35.8477,15.8482,2,420.549,1362,31.4187,30.8001,30.0004,30.5845,30.4645,-1,40,10,-999.9,400,20,99.5811,85.9612
27,1785430610,3120.5,20260730 11:56:50,11:56:50,15,1785430602,0.002566065,2.566064629,4.743997793,354.226,240.50871,24.34623664,35.85762038,0.078463876,2.94926937,0.077322365,0.048427655,266.1549903,33.35907774,32.44377097,4.89634166,33.56440747,1.64547823,4.902449808,3.250863431,-113.1634502,3.513922327,0.27141252,156.776875,2.404579067,2.519168218,4.743997793,363.5859724,357.8101455,-0.220807364,66.78238776,2.566064629,12.43922754,16.2516303,-0.000193184,78.43,0,0,1,0,52517.02202,1500.031935,1273.886874,0.849239836,0.177432883,6,0.5,0: Broadleaf,2,TRUE,1785430602,354.226,359.2031935,16.25515484,12.51392903,392.9553871,19.83315484,397.4449355,101.128129,0.099958055,32.46587097,32.44377097,999.9,0,0,10000.03226,0,131.0117419,-4.977099677,360.0790968,363.7551935,3.74123,359.2031935,12.51392903,1.643852903,1.265509032,14.37614194,10.39506774,1500.031935,0.692005452,0.307994548,0,2.690535484,0,15669.56452,13609.87419,44.931,46.375,45.69919355,45.062,44.75,1038.030323,462.0016129,0,1785430556,0,1785427240,11:00:39,1785427240,1785427236,1,1.636,0.249,-38.729,-3.578,364,10,0.56,0.03,-4.472185366,-11.9370161,1.251322353,0,2.706861765,0.149688311,0.182340481,1,3.731592439,0.564479373,0.077258213,0,1,3,1/3,2.97566,2.76488,0.0961328,0.0900585,0.101122,0.071324,27941.6,18682.3,31687.2,22364.1,38362,28237.9,45510.6,32722.5,1.69468,2.66027,0.137351,0,30.1996,999.9,47.6,32.6,23.2513,62.0601,-100,3,0.266126,0,20.3087,5.21864,12.0309,4.95985,3.301,7709.5,9999,9999,139,4.9729,1.87531,1.88156,1.88106,1.87867,1.87439,1.87448,1.87683,0,0,0,0,11111111,oooooooo,on,on,on,on,0,100,100,-38.729,-3.578,-38.7293,0,0,0,-3.578004286,0,0,0,-1,-1,-1,-1,56.2,56.2,0.15625,4.99878,2.89795,2.90039,2.99805,2.27539,35.9178,15.8394,2,418.175,1362.64,31.3916,30.8324,30.0002,30.6091,30.4856,-1,40,10,-999.9,400,20,99.5802,85.9552
28,1785430730,3240.5,20260730 11:58:50,11:58:50,15,1785430722,0.002437496,2.437496364,4.899571299,349.9117742,224.608341,22.73642178,35.42050865,0.07233667,2.950173452,0.071365581,0.044689651,266.1489753,33.34819047,32.39254516,4.882208989,31.37540469,1.534374247,4.890372767,3.347834742,-107.4935897,4.708898762,0.363430573,163.727715,5.717567745,2.397691702,4.899571299,364.6290863,356.3141636,0.125465302,66.78238776,2.437496364,11.60094288,15.20374061,0.002253041,78.43,0,0,1,0,52550.39189,1499.992258,1273.85371,0.84924019,0.177433566,6,0.5,0: Broadleaf,2,TRUE,1785430722,349.9117742,359.8007419,15.15776129,11.59623871,388.6410645,18.73576774,397.809871,101.1270645,0.099905432,32.42215161,32.39254516,999.9,0,0,10005.27419,0,116.4250968,-9.888988065,355.2972903,364.0220645,3.561517742,359.8007419,11.59623871,1.532859355,1.172692258,13.29989032,9.259289355,1499.992258,0.691993645,0.308006355,0,2.72686129,0,15164.18387,13609.46129,44.812,46.19106452,45.58232258,44.937,44.62093548,1037.985161,462.0070968,0,1785430676,0,1785427240,11:00:39,1785427240,1785427236,1,1.636,0.249,-38.729,-3.578,364,10,0.56,0.03,-9.87349825,0.887790507,0.619578827,0,2.720832353,0.647252869,0.214496415,1,3.5450035,0.350886979,0.044148256,0,1,3,1/3,2.97568,2.76502,0.0959208,0.0900834,0.097269,0.0678035,27946.4,18690,31685.4,22374.1,38524.9,28361.4,45507.5,32741.6,1.69473,2.66118,0.140183,0,30.1263,999.9,44.4,32.7,21.8099,61.8201,-100,3,0.270447,0,20.3092,5.21654,12.0309,4.9597,3.301,7709.5,9999,9999,139,4.97295,1.87531,1.88156,1.88107,1.8787,1.8744,1.87454,1.87683,0,0,0,0,11111111,oooooooo,on,on,on,on,0,100,100,-38.729,-3.578,-38.7293,0,0,0,-3.578004286,0,0,0,-1,-1,-1,-1,58.2,58.2,0.15625,4.99878,2.89795,2.90039,2.99805,2.33521,36.0113,15.8307,2,418.425,1364.76,31.3409,30.8753,30.0003,30.6464,30.5174,-1,40,10,-999.9,400,20,99.574,86.0006
29,1785430850,3360.5,20260730 12:00:50,12:00:50,15,1785430842,0.00233922,2.33922002,4.575446954,354.854129,232.5077696,23.5351301,35.91939362,0.069591953,2.949086386,0.068692339,0.04301257,266.1546078,33.51123074,32.59773548,4.939033438,32.53415988,1.603425607,4.928437105,3.335607831,-103.1596029,-6.058588383,-0.468559043,156.4678575,7.195385144,2.141174739,4.575446954,372.2213163,363.3290485,0.281951338,66.78238776,2.33922002,12.64915821,16.00100606,0.016224511,78.43,0,0,1,0,52495.56486,1500.020645,1273.878126,0.849240395,0.177433963,6,0.5,0: Broadleaf,2,TRUE,1785430842,354.854129,366.8792258,15.84052903,12.65519032,393.5833871,19.41853226,396.9293548,101.123,0.09998341,32.55962903,32.59773548,999.9,0,0,9999.5,0,124.0586452,-12.02511871,360.5659032,371.5816774,3.185339032,366.8792258,12.65519032,1.601843548,1.279732258,13.97616774,10.56289677,1500.020645,0.691987419,0.308012581,0,2.75543871,0,15683.9871,13609.7,44.804,46.24187097,45.562,44.875,44.562,1037.994516,462.026129,0,1785430796,0,1785427240,11:00:39,1785427240,1785427236,1,1.636,0.249,-38.729,-3.578,364,10,0.56,0.03,-12.55858829,11.4274639,1.947795188,0,2.746788235,-0.056406415,0.218344803,1,3.129752195,1.133166899,0.123587872,0,1,3,1/3,2.97485,2.76465,0.0971713,0.0911117,0.100221,0.0731173,27906.8,18656.9,31684.5,22359.8,38397.3,28176.4,45506.4,32714.5,1.69267,2.66377,0.138246,0,30.378,999.9,46.1,32.8,22.7757,61.9101,-100,3,0.274131,0,20.3091,5.21699,12.0318,4.9597,3.301,7709.5,9999,9999,139,4.97293,1.87531,1.88156,1.88108,1.87871,1.8744,1.87454,1.87682,0,0,0,0,11111111,oooooooo,on,on,on,on,0,100,100,-38.729,-3.578,-38.7293,0,0,0,-3.578004286,0,0,0,-1,-1,-1,-1,60.2,60.2,0.15625,4.99878,2.89795,2.90039,2.99805,2.30835,36.0816,15.8132,2,417.509,1369.43,31.3946,30.9171,30.0004,30.6851,30.5564,-1,40,10,-999.9,400,20,99.5714,85.936
30,1785430970,3480.5,20260730 12:02:50,12:02:50,15,1785430962,0.002505273,2.505272733,4.495082594,350.948129,238.3077654,24.12017867,35.52100605,0.075236365,2.948938386,0.074186038,0.04645942,266.1525514,33.48796346,32.63292258,4.948835582,33.28232947,1.642099568,4.933848062,3.306736014,-110.4825275,-8.557397136,-0.662022684,146.450604,3.531917855,2.661928538,4.495082594,360.6293017,355.4095818,-0.248729041,66.78238776,2.505272733,11.78038736,15.94646,-0.055373143,78.43,0,0,1,0,52487.80431,1500.015484,1273.873152,0.849240001,0.177433203,6,0.5,0: Broadleaf,2,TRUE,1785430962,350.948129,357.706,16.22397097,12.26144194,389.6773871,19.80197419,396.5257742,101.1143548,0.100050123,32.57909677,32.63292258,999.9,0,0,9999.514194,0,77.23108065,-6.757884839,356.7358387,362.1473871,3.962532581,357.706,12.26144194,1.640477097,1.239807742,14.34400645,10.07952065,1500.015484,0.692001258,0.307998742,0,2.727477419,0,14791.18065,13609.72258,44.931,46.383,45.675,45.062,44.69512903,1038.010645,462.0048387,0,1785430916,0,1785427240,11:00:39,1785427240,1785427236,1,1.636,0.249,-38.729,-3.578,364,10,0.56,0.03,-7.21948575,13.30123328,1.432091378,0,2.695935294,0.704229176,0.208269955,1,3.7977825,4.140493508,0.425829936,0,1,3,1/3,2.97546,2.76473,0.0956331,0.0893493,0.099879,0.0692204,27948.8,18697.2,31678.8,22365.2,38405.2,28305.4,45498.3,32727,1.6938,2.65525,0.13195,0,30.4864,999.9,44.8,32.9,22.2603,61.6701,-100,3,0.285152,0,20.3088,5.21714,12.0302,4.96,3.301,7709.5,9999,9999,139.1,4.97296,1.87531,1.88156,1.88107,1.87868,1.8744,1.87454,1.87682,0,0,0,0,11111111,oooooooo,on,on,on,on,0,100,100,-38.729,-3.578,-38.7293,0,0,0,-3.578004286,0,0,0,-1,-1,-1,-1,62.2,62.2,0.157471,4.99878,2.89795,2.90039,2.99805,2.30713,36.1989,15.7957,2,418.72,1358.92,31.4712,31.0352,30.0005,30.7827,30.6487,-1,40,10,-999.9,400,20,99.5535,85.9638
31,1785431090,3600.5,20260730 12:04:50,12:04:50,15,1785431082,0.002291462,2.291461575,4.576336144,351.2497742,227.266758,23.00125821,35.5493554,0.068356026,2.949613832,0.06748802,0.042257081,266.1500136,33.44031585,32.48174516,4.906841316,32.22149275,1.580594163,4.90540328,3.326247154,-101.0534555,-0.826388854,-0.063837402,164.2063319,5.867031642,2.154946495,4.576336144,366.4924128,358.2449758,0.183795593,66.77187137,2.291461575,12.46041318,15.73779152,0.017414961,78.43,0,0,1,0,52524.61997,1499.996774,1273.857668,0.849240271,0.177433724,6,0.5,0: Broadleaf,2,TRUE,1785431082,351.2497742,361.2779677,15.61725484,12.40577097,389.9791935,19.19525806,396.32,101.1082581,0.099936265,32.47654839,32.48174516,999.9,0,0,10003.95484,0,58.31906129,-10.02826516,356.8224194,365.8163548,3.211484194,361.2779677,12.40577097,1.579033871,1.254326774,13.75557742,10.26215484,1499.996774,0.69199071,0.30800929,0,2.774429032,0,14700.17419,13609.49032,44.812,46.25,45.562,44.99796774,44.625,1037.984194,462.0125806,0,1785431036,0,1785427240,11:00:39,1785427240,1785427236,1,1.636,0.249,-38.729,-3.578,364,10,0.56,0.03,-9.991993171,-1.178333101,0.439165185,0,2.759232353,0.54810236,0.227792728,1,3.212773415,-0.132173101,0.040385209,0,1,3,1/3,2.97414,2.76479,0.0961933,0.0907297,0.0992002,0.0721801,27929.6,18662.7,31676.9,22358,38432.5,28203.7,45496.1,32713.6,1.69005,2.65552,0.140369,0,30.1959,999.9,44.5,33.1,22.3617,61.8201,-100,3,0.290191,0,20.3089,5.21729,12.0291,4.95975,3.301,7709.5,9999,9999,139.1,4.97298,1.87531,1.88156,1.88108,1.87873,1.87443,1.87453,1.87683,0,0,0,0,11111111,oooooooo,on,on,on,on,0,100,100,-38.729,-3.5781,-38.7293,0,0,0,-3.578004286,0,0,0,-1,-1,-1,-1,64.2,64.2,0.15625,4.99878,2.89795,2.90039,2.99805,2.30225,36.2694,15.7519,2,417.035,1360.62,31.4215,31.1077,30.0001,30.8525,30.7081,-1,40,10,-999.9,400,20,99.5483,85.9318
32,1785431210,3720.5,20260730 12:06:50,12:06:50,15,1785431202,0.002380724,2.380723593,4.417626384,367.3068065,253.2862543,25.63423675,37.17386741,0.073210455,2.949371447,0.072215671,0.045223046,266.1508929,33.42410242,32.49240645,4.909792625,34.27546936,1.681984878,4.907255567,3.227807747,-104.9899105,-1.457217757,-0.112586912,159.5911777,2.09600127,2.317582644,4.417626384,375.7517441,371.309697,-0.349070223,66.77187137,2.380723593,13.08016716,16.6300297,-0.000205555,78.43,0,0,1,0,52516.49914,1500.000645,1273.861055,0.849240338,0.177433852,6,0.5,0: Broadleaf,2,TRUE,1785431202,367.3068065,371.7737097,16.61932258,13.16514839,406.0361935,20.19732903,395.8803226,101.1066129,0.099971787,32.48324194,32.49240645,999.9,0,0,10002.74032,0,65.41806129,-4.466729677,373.5144516,376.7335484,3.454178387,371.7737097,13.16514839,1.680325161,1.331084194,14.71585161,11.15433226,1500.000645,0.691989129,0.308010871,0,2.729387097,0,14663.72581,13609.52258,44.812,46.167,45.562,44.84045161,44.562,1037.983548,462.0170968,0,1785431156,0,1785427240,11:00:39,1785427240,1785427236,1,1.636,0.249,-38.729,-3.578,364,10,0.56,0.03,-5.058283659,13.45982509,1.657648716,0,2.725726471,0.238479762,0.214631283,1,3.454893659,0.351114983,0.06711633,0,1,3,1/3,2.97402,2.76459,0.0985084,0.0916226,0.102419,0.0745526,27859,18638.6,31678,22351.1,38295.2,28120.4,45497,32700.6,1.6895,2.65663,0.144579,0,30.1302,999.9,45.8,33.1,23.0131,61.7301,-100,3,0.289611,0,20.3092,5.21714,12.0294,4.9597,3.301,7709.5,9999,9999,139.1,4.97291,1.87531,1.88156,1.88107,1.87875,1.87441,1.87454,1.87683,0,0,0,0,11111111,oooooooo,on,on,on,on,0,100,100,-38.729,-3.578,-38.7293,0,0,0,-3.578004286,0,0,0,-1,-1,-1,-1,66.2,66.2,0.15625,4.99878,2.89795,2.90039,2.99805,2.28271,36.3165,15.7431,2,416.823,1362.75,31.4009,31.1132,30.0002,30.8687,30.7282,-1,40,10,-999.9,400,20,99.5509,85.9007
33,1785431330,3840.5,20260730 12:08:50,12:08:50,15,1785431322,0.002310043,2.310042984,4.651492892,350.0428065,227.6978258,23.04558824,35.42828024,0.070346659,2.948785709,0.069427473,0.043473755,266.1505744,33.42565048,32.46153871,4.901251907,33.50344609,1.642539242,4.902597891,3.258712665,-101.8728956,0.773848958,0.059786645,165.1113144,4.750161005,2.404742884,4.651492892,363.3624819,355.9898364,0.034362051,66.77187137,2.310042984,12.73426676,16.19798364,-0.002335633,78.43,0,0,1,0,52502.7354,1499.998065,1273.858935,0.849240386,0.177433945,6,0.5,0: Broadleaf,2,TRUE,1785431322,350.0428065,358.5201613,16.22881613,12.64239032,388.7720968,19.80681935,395.7784516,101.1113226,0.099956694,32.46640645,32.46153871,999.9,0,0,9998.946774,0,67.36261935,-8.477339032,355.8172581,363.1107742,3.586428387,358.5201613,12.64239032,1.640916452,1.278288387,14.34849032,10.54552903,1499.998065,0.691987097,0.308012903,0,2.722967742,0,14660.91935,13609.4871,44.74187097,46.06809677,45.5,44.794,44.5,1037.979355,462.0187097,0,1785431276,0,1785427240,11:00:39,1785427240,1785427236,1,1.636,0.249,-38.729,-3.578,364,10,0.56,0.03,-9.034811463,6.756722509,1.087810054,0,2.731091176,0.085019097,0.19046771,1,3.546949024,0.308666969,0.125151311,0,1,3,1/3,2.97343,2.76456,0.0957368,0.0901565,0.100881,0.0737722,27947.5,18672.2,31681.2,22355.3,38365.4,28150.1,45502.1,32707.5,1.6885,2.6575,0.145026,0,30.087,999.9,44.2,33.2,22.3374,61.6101,-100,3,0.286606,0,20.3094,5.21654,12.0302,4.9598,3.301,7709.5,9999,9999,139.2,4.97301,1.87531,1.88156,1.88105,1.87873,1.87441,1.87454,1.87683,0,0,0,0,11111111,oooooooo,on,on,on,on,0,100,100,-38.73,-3.578,-38.7293,0,0,0,-3.578004286,0,0,0,-1,-1,-1,-1,68.2,68.2,0.15625,4.99878,2.89795,2.90039,2.99805,2.31934,36.3635,15.7256,2,416.201,1363.94,31.3754,31.0867,29.9999,30.8579,30.7249,-1,40,10,-999.9,400,20,99.5615,85.918
34,1785431450,3960.5,20260730 12:10:50,12:10:50,15,1785431442,0.002327768,2.32776793,4.710335707,353.6990323,231.9301927,23.47422343,35.79874621,0.071666515,2.948897252,0.070712802,0.044280131,266.148425,33.36658642,32.41526452,4.888472637,34.05708283,1.664556632,4.887549059,3.223916005,-102.6545657,-0.532329757,-0.041105259,162.9204243,6.734362409,2.242571417,4.710335707,372.778105,362.2337273,0.494926208,66.77187137,2.32776793,13.19586486,16.54721455,0.014515169,78.43,0,0,1,0,52515.3177,1499.988387,1273.850493,0.849240237,0.177433657,6,0.5,0: Broadleaf,2,TRUE,1785431442,353.6990323,365.0949355,16.44616452,13.10699032,392.4283226,20.02416774,396.3296774,101.1124194,0.100032332,32.41191613,32.41526452,999.9,0,0,9999.471935,0,71.48444516,-11.39600903,359.6132581,369.9441613,3.33917871,365.0949355,13.10699032,1.662909032,1.325277097,14.5543871,11.0883,1499.988387,0.691991774,0.308008226,0,2.697467742,0,14661.4129,13609.43226,44.687,46.062,45.437,44.73983871,44.437,1037.979677,462.0080645,0,1785431396,0,1785427240,11:00:39,1785427240,1785427236,1,1.636,0.249,-38.729,-3.578,364,10,0.56,0.03,-10.26293659,-22.34197965,2.305927682,0,2.737058824,-0.254719633,0.184469234,1,3.40086122,-0.977532334,0.106919614,0,1,3,1/3,2.97465,2.76466,0.0969409,0.0923655,0.102169,0.0754493,27912.3,18624.7,31683.2,22352.5,38312.4,28094,45504.8,32701.3,1.69322,2.65543,0.145882,0,30.0399,999.9,44.5,33.3,22.6121,61.6702,-100,3,0.283211,0,20.3093,5.21654,12.0315,4.95975,3.301,7709.5,9999,9999,139.2,4.97291,1.87531,1.88156,1.8811,1.87875,1.87446,1.87454,1.87683,0,0,0,0,11111111,oooooooo,on,on,on,on,0,100,100,-38.729,-3.578,-38.7293,0,0,0,-3.578004286,0,0,0,-1,-1,-1,-1,70.2,70.2,0.15625,4.99878,2.89795,2.90161,2.99805,2.29614,36.4107,15.7081,2,418.701,1360.49,31.3439,31.0481,30,30.8337,30.7089,-1,40,10,-999.9,400,20,99.5676,85.9041
35,1785431570,4080.5,20260730 12:12:50,12:12:50,15,1785431562,0.002334832,2.334831727,4.122724607,377.2074839,270.028548,27.33060996,38.17859516,0.073689942,2.948733095,0.072681967,0.045515643,266.1450977,33.45630999,32.55522581,4.927213968,36.30504534,1.783616977,4.912862553,3.143596991,-102.9660792,-8.224498445,-0.635834388,154.3186858,5.734798767,2.215717863,4.122724607,394.5425138,385.9223091,0.337838003,66.77187137,2.334831727,14.36671822,17.73002667,0.014967524,78.43,0,0,1,0,52494.90928,1499.974516,1273.838265,0.849239938,0.17743308,6,0.5,0: Broadleaf,2,TRUE,1785431562,377.2074839,387.1817742,17.62227419,14.31803871,415.9367419,21.20027419,395.2512258,101.1137742,0.100005468,32.50349032,32.55522581,999.9,0,0,9998.405484,0,69.01091935,-9.974305161,383.9740323,392.8060323,3.304230968,387.1817742,14.31803871,1.781855484,1.44775129,15.62840645,12.42718387,1499.974516,0.692001839,0.307998161,0,2.718974194,0,14588.64516,13609.33548,44.893,46.28,45.649,44.937,44.625,1037.985484,461.9890323,0,1785431516,0,1785427240,11:00:39,1785427240,1785427236,1,1.636,0.249,-38.729,-3.578,364,10,0.56,0.03,-10.07102585,-0.328356585,0.832321741,1,2.705402941,-0.144811304,0.218755169,1,3.27847,0.554876028,0.06195341,0,2,3,2/3,2.97362,2.76464,0.101188,0.0959758,0.106408,0.0801302,27783.2,18537.2,31685.6,22336.3,38133.4,27927.7,45508.4,32673.2,1.6895,2.6574,0.146564,0,30.1779,999.9,46.9,33.4,23.9642,61.7902,-100,3,0.282327,0,20.3092,5.21714,12.0318,4.9597,3.301,7709.5,9999,9999,139.2,4.97291,1.87532,1.88156,1.8811,1.87871,1.8744,1.87454,1.87683,0,0,0,0,11111111,oooooooo,on,on,on,on,0,100,100,-38.729,-3.578,-38.7293,0,0,0,-3.578004286,0,0,0,-1,-1,-1,-1,72.2,72.2,0.15625,4.99878,2.89795,2.90039,2.99805,2.31079,36.4343,15.6906,2,416.601,1363.33,31.4044,31.0427,29.9999,30.831,30.705,-1,40,10,-999.9,400,20,99.5754,85.8348
36,1785431690,4200.5,20260730 12:14:50,12:14:50,15,1785431682,0.002380732,2.380732203,4.577154991,385.5503871,272.0714416,27.53907286,39.02541237,0.076504457,2.94983359,0.075419025,0.047233129,266.1495041,33.39994538,32.46280323,4.901601528,36.98286681,1.812385996,4.900609801,3.089215533,-104.9902902,-0.570461124,-0.044056206,160.5446966,10.25335512,2.305293081,4.577154991,414.4397364,399.7540061,1.135046658,66.77187137,2.380732203,14.50458239,17.98138121,0.009273169,78.43,0,0,1,0,52534.14011,1500.007742,1273.86571,0.849239423,0.177432087,6,0.5,0: Broadleaf,2,TRUE,1785431682,385.5503871,402.4693548,17.9054129,14.4675871,424.2796774,21.4834129,395.1362258,101.1200645,0.099941155,32.45921613,32.46280323,999.9,0,0,10004.03548,0,44.85740968,-16.91900323,392.5798387,408.3778065,3.437819677,402.4693548,14.4675871,1.810594194,1.462963226,15.87850645,12.58642258,1500.007742,0.692019387,0.307980613,0,2.697670968,0,14498.43871,13609.72581,45.11687097,46.558,45.897,45.127,44.812,1038.034194,461.9735484,0,1785431636,0,1785427240,11:00:39,1785427240,1785427236,1,1.636,0.249,-38.729,-3.578,364,10,0.56,0.03,-13.78185561,-51.44986578,5.432300154,0,2.751341176,-0.937194804,0.207278924,1,3.474490244,-0.466877143,0.075076999,0,1,3,1/3,2.97344,2.76467,0.103738,0.100108,0.107303,0.0808765,27707,18450.7,31688.4,22334,38097.9,27902.4,45512,32670,1.6894,2.6639,0.152279,0,29.9933,999.9,47.3,33.5,24.3041,61.7302,-100,3,0.278039,0,20.3086,5.214,12.0305,4.95925,3.30032,7709.5,9999,9999,139.3,4.97299,1.87531,1.88156,1.8811,1.87873,1.87446,1.87454,1.87683,0,0,0,0,11111111,oooooooo,on,on,on,on,0,100,100,-38.729,-3.578,-38.7293,0,0,0,-3.578004286,0,0,0,-1,-1,-1,-1,74.2,74.2,0.15625,4.99878,2.89795,2.90039,2.99805,2.30591,36.4578,15.6556,2,416.338,1372.12,31.4196,31.0062,29.9999,30.7961,30.6697,-1,40,10,-999.9,400,20,99.5836,85.8263
37,1785431810,4320.5,20260730 12:16:50,12:16:50,15,1785431802,0.002412918,2.412918147,3.903358192,387.0946774,289.7658302,29.33150003,39.1835971,0.078574391,2.949220491,0.077429669,0.048495003,266.1492105,33.32824127,32.3456129,4.869292042,37.25269242,1.819065573,4.883044568,3.050226468,-106.4096903,7.944276876,0.61311224,168.2969093,2.854635551,2.413322452,3.903358192,400.8854145,394.1816788,0.103783156,66.77187137,2.412918147,14.46206328,17.99188424,0.008098615,78.43,0,0,1,0,52527.64191,1499.996774,1273.857252,0.849239994,0.177433189,6,0.5,0: Broadleaf,2,TRUE,1785431802,387.0946774,392.8410323,17.97054516,14.37612903,425.8239677,21.54855161,395.6059032,101.124871,0.099969852,32.39557742,32.3456129,999.9,0,0,10000.07677,0,50.23584516,-5.746373423,394.1782581,398.5713548,3.59442129,392.8410323,14.37612903,1.817268387,1.453782581,15.93610323,12.49018065,1499.996774,0.692000677,0.307999323,0,2.681109677,0,14467.31613,13609.52903,45.024,46.55,45.937,45.058,44.81606452,1037.998065,461.9987097,0,1785431756,0,1785427240,11:00:39,1785427240,1785427236,1,1.636,0.249,-38.729,-3.578,364,10,0.56,0.03,-2.452555759,-60.89001194,6.928448376,0,2.702426471,-0.562488932,0.259982485,1,3.648493415,-1.171570244,0.130329173,0,1,3,1/3,2.97369,2.76458,0.102692,0.097092,0.107358,0.0806681,27746.2,18515.8,31695.9,22337.6,38104.5,27912.9,45522.9,32674.8,1.69232,2.65877,0.147801,0,29.9211,999.9,46.9,33.5,24.0981,61.9402,-100,3,0.268897,0,20.3092,5.21684,12.0312,4.95975,3.301,7709.5,9999,9999,139.3,4.97295,1.87531,1.88156,1.88109,1.87871,1.87442,1.87448,1.87683,0,0,0,0,11111111,oooooooo,on,on,on,on,0,100,100,-38.73,-3.578,-38.7293,0,0,0,-3.578004286,0,0,0,-1,-1,-1,-1,76.2,76.2,0.15625,4.99878,2.89795,2.90039,2.99805,2.29126,36.4578,15.6381,2,417.493,1362.83,31.3719,30.9118,29.9996,30.7152,30.5932,-1,40,10,-999.9,400,20,99.6074,85.8393